class,cif,icsd_collection_code,source,train_test_label,formula,Tc,year,true_label,predicted_label
1,split_cifs_by_csv_label/train/As0.7F0.05Fe1La1P0.3O0.95-ICSD-184646-synth_doped.cif,184646.0,3DSC,test,As0.7F0.05Fe1La1P0.3O0.95,15.75,2008,1,0
1,split_cifs_by_csv_label/train/As0.8F0.1Fe1Nd1P0.2O0.9-ICSD-163548-synth_doped.cif,163548.0,3DSC,test,As0.8F0.1Fe1Nd1P0.2O0.9,34.1,2008,1,0
1,split_cifs_by_csv_label/train/As0.8F0.1Fe1P0.2Pr1O0.9-ICSD-162831-synth_doped.cif,162831.0,3DSC,test,As0.8F0.1Fe1P0.2Pr1O0.9,29.2,2008,1,0
1,split_cifs_by_csv_label/train/As0.95F0.12Fe1P0.05Sm1O0.88-ICSD-162157-synth_doped.cif,162157.0,3DSC,test,As0.95F0.12Fe1P0.05Sm1O0.88,46.8,2008,1,0
1,split_cifs_by_csv_label/train/As0.9F0.12Fe1P0.1Sm1O0.88-ICSD-162157-synth_doped.cif,162157.0,3DSC,test,As0.9F0.12Fe1P0.1Sm1O0.88,36.35,2008,1,0
1,split_cifs_by_csv_label/test/As1Co0.05F0.11Fe0.95Nd1O0.89-ICSD-163548-synth_doped.cif,163548.0,3DSC,test,As1Co0.05F0.11Fe0.95Nd1O0.89,30.1,2008,1,0
1,split_cifs_by_csv_label/train/As1Co0.1F0.11Fe0.9Nd1O0.89-ICSD-163548-synth_doped.cif,163548.0,3DSC,test,As1Co0.1F0.11Fe0.9Nd1O0.89,9.0,2008,1,0
1,split_cifs_by_csv_label/train/As1F0.06La1Ni1O0.94-ICSD-246061-synth_doped.cif,246061.0,3DSC,test,As1F0.06La1Ni1O0.94,3.64,2008,1,0
1,split_cifs_by_csv_label/train/As1F0.11Fe0.85Nd1Ru0.15O0.89-ICSD-163548-synth_doped.cif,163548.0,3DSC,test,As1F0.11Fe0.85Nd1Ru0.15O0.89,34.0,2008,1,0
1,split_cifs_by_csv_label/train/As1F0.11Fe0.8Nd1Ru0.2O0.89-ICSD-163548-synth_doped.cif,163548.0,3DSC,test,As1F0.11Fe0.8Nd1Ru0.2O0.89,22.1,2008,1,0
1,split_cifs_by_csv_label/train/As1F0.11Fe0.965Mn0.035Sm1O0.89-ICSD-162157-synth_doped.cif,162157.0,3DSC,test,As1F0.11Fe0.965Mn0.035Sm1O0.89,31.3,2008,1,0
1,split_cifs_by_csv_label/test/As1F0.11Fe0.9Nd1Ru0.1O0.89-ICSD-163548-synth_doped.cif,163548.0,3DSC,test,As1F0.11Fe0.9Nd1Ru0.1O0.89,38.7,2008,1,0
1,split_cifs_by_csv_label/train/As1F0.12Fe0.94Mn0.06Sm1O0.88-ICSD-162157-synth_doped.cif,162157.0,3DSC,test,As1F0.12Fe0.94Mn0.06Sm1O0.88,16.0,2008,1,0
1,split_cifs_by_csv_label/train/As1F0.12La1Ni1O0.88-ICSD-246061-synth_doped.cif,246061.0,3DSC,test,As1F0.12La1Ni1O0.88,3.59,2008,1,0
1,split_cifs_by_csv_label/train/As1F0.15Fe0.9Ru0.1Sm1O0.85-ICSD-162157-synth_doped.cif,162157.0,3DSC,test,As1F0.15Fe0.9Ru0.1Sm1O0.85,21.7,2008,1,0
1,split_cifs_by_csv_label/train/As1F0.15Fe1La0.5Y0.5O0.85-ICSD-167339-synth_doped.cif,167339.0,3DSC,test,As1F0.15Fe1La0.5Y0.5O0.85,40.2,2008,1,0
1,split_cifs_by_csv_label/train/As1F0.1Fe1Tb1O0.9-ICSD-422004-synth_doped.cif,422004.0,3DSC,test,As1F0.1Fe1Tb1O0.9,50.5,2008,1,0
1,split_cifs_by_csv_label/test/As1F0.1La1Ni1O0.9-ICSD-246061-synth_doped.cif,246061.0,3DSC,test,As1F0.1La1Ni1O0.9,3.9,2008,1,0
1,split_cifs_by_csv_label/test/As1Fe1La0.9Y0.1O0.6-ICSD-162434-synth_doped.cif,162434.0,3DSC,test,As1Fe1La0.9Y0.1O0.6,25.6,2008,1,0
1,split_cifs_by_csv_label/train/As1Fe1Li1.1-ICSD-42331.cif,42331.0,3DSC,test,As1Fe1Li1.1,20.0,2008,1,0
1,split_cifs_by_csv_label/train/As1Fe1Pr1O0.6-ICSD-162832-synth_doped.cif,162832.0,3DSC,test,As1Fe1Pr1O0.6,44.0,2008,1,0
1,split_cifs_by_csv_label/train/As1Fe1Tb0.8Th0.2O1-ICSD-422004-synth_doped.cif,422004.0,3DSC,test,As1Fe1Tb0.8Th0.2O1,52.0,2008,1,0
1,split_cifs_by_csv_label/train/As1Fe1Tb0.9Th0.1O1-ICSD-422004-synth_doped.cif,422004.0,3DSC,test,As1Fe1Tb0.9Th0.1O1,45.0,2008,1,0
1,split_cifs_by_csv_label/train/As1Fe1Tb1O0.75-ICSD-422004-synth_doped.cif,422004.0,3DSC,test,As1Fe1Tb1O0.75,34.8,2008,1,0
1,split_cifs_by_csv_label/train/As1Fe1Tb1O0.8-ICSD-422004-synth_doped.cif,422004.0,3DSC,test,As1Fe1Tb1O0.8,33.85,2008,1,0
1,split_cifs_by_csv_label/test/As1Fe1Tb1O0.82-ICSD-422004-synth_doped.cif,422004.0,3DSC,test,As1Fe1Tb1O0.82,43.8,2008,1,0
1,split_cifs_by_csv_label/train/As1Fe1Tb1O0.85-ICSD-422004-synth_doped.cif,422004.0,3DSC,test,As1Fe1Tb1O0.85,44.4,2008,1,0
1,split_cifs_by_csv_label/test/As1Fe1Tb1O0.9-ICSD-422004-synth_doped.cif,422004.0,3DSC,test,As1Fe1Tb1O0.9,22.8,2008,1,0
1,split_cifs_by_csv_label/train/As1La0.8Ni1Sr0.2O1-ICSD-246061-synth_doped.cif,246061.0,3DSC,test,As1La0.8Ni1Sr0.2O1,3.5,2008,1,0
1,split_cifs_by_csv_label/train/As1La0.9Ni1Sr0.1O1-ICSD-246061-synth_doped.cif,246061.0,3DSC,test,As1La0.9Ni1Sr0.1O1,3.7,2008,1,0
1,split_cifs_by_csv_label/test/As1La1Ni1O1-ICSD-246061.cif,246061.0,3DSC,test,As1La1Ni1O1,2.71,2008,1,0
1,split_cifs_by_csv_label/train/As2Ba0.84Fe2Rb0.1Sn0.09-ICSD-163842-synth_doped.cif,163842.0,3DSC,test,As2Ba0.84Fe2Rb0.1Sn0.09,22.6,2008,1,0
1,split_cifs_by_csv_label/train/As2Cs1Fe2-ICSD-74877.cif,74877.0,3DSC,test,As2Cs1Fe2,2.08,2008,1,0
1,split_cifs_by_csv_label/train/As2Fe2K1-ICSD-189036.cif,189036.0,3DSC,test,As2Fe2K1,2.9965,2008,1,0
1,split_cifs_by_csv_label/train/B2C0.99Er1Fe0.04Ni1.96-ICSD-246431-synth_doped.cif,246431.0,3DSC,test,B2C0.99Er1Fe0.04Ni1.96,7.35,1994,1,0
1,split_cifs_by_csv_label/train/B2C1Ce1Ni2-ICSD-56645.cif,56645.0,3DSC,test,B2C1Ce1Ni2,0.05,1994,1,0
1,split_cifs_by_csv_label/train/B2C1Dy0.2Ni2Tm0.8-ICSD-164574-synth_doped.cif,164574.0,3DSC,test,B2C1Dy0.2Ni2Tm0.8,9.75,1994,1,0
1,split_cifs_by_csv_label/train/B2C1Er1Fe0.02Ni1.98-ICSD-246431-synth_doped.cif,246431.0,3DSC,test,B2C1Er1Fe0.02Ni1.98,9.535,1994,1,0
1,split_cifs_by_csv_label/train/B2C1Er1Fe0.035Ni1.965-ICSD-246431-synth_doped.cif,246431.0,3DSC,test,B2C1Er1Fe0.035Ni1.965,7.31,1994,1,0
1,split_cifs_by_csv_label/train/B2C1Er1Fe0.04Ni1.96-ICSD-246431-synth_doped.cif,246431.0,3DSC,test,B2C1Er1Fe0.04Ni1.96,8.355,1994,1,0
1,split_cifs_by_csv_label/train/B2C1Er1Fe0.06Ni1.94-ICSD-246431-synth_doped.cif,246431.0,3DSC,test,B2C1Er1Fe0.06Ni1.94,8.5,1994,1,0
1,split_cifs_by_csv_label/train/B2C1Er1Fe0.08Ni1.92-ICSD-246431-synth_doped.cif,246431.0,3DSC,test,B2C1Er1Fe0.08Ni1.92,4.63,1994,1,0
1,split_cifs_by_csv_label/train/B2C1Er1Fe0.1Ni1.9-ICSD-246431-synth_doped.cif,246431.0,3DSC,test,B2C1Er1Fe0.1Ni1.9,2.155,1994,1,0
1,split_cifs_by_csv_label/train/B2C1Er1Ni2-ICSD-246431.cif,246431.0,3DSC,test,B2C1Er1Ni2,10.23291667,1994,1,0
1,split_cifs_by_csv_label/train/B2C1Fe0.04Ni1.96Tm1-ICSD-164574-synth_doped.cif,164574.0,3DSC,test,B2C1Fe0.04Ni1.96Tm1,7.97,1994,1,0
1,split_cifs_by_csv_label/train/B2C1Fe0.08Ni1.92Tm1-ICSD-164574-synth_doped.cif,164574.0,3DSC,test,B2C1Fe0.08Ni1.92Tm1,7.39,1994,1,0
1,split_cifs_by_csv_label/train/B2C1Fe0.12Ni1.88Tm1-ICSD-164574-synth_doped.cif,164574.0,3DSC,test,B2C1Fe0.12Ni1.88Tm1,5.52,1994,1,0
1,split_cifs_by_csv_label/test/B2C1Fe0.16Ni1.84Tm1-ICSD-164574-synth_doped.cif,164574.0,3DSC,test,B2C1Fe0.16Ni1.84Tm1,3.99,1994,1,0
1,split_cifs_by_csv_label/train/B2C1Fe0.1Ni1.9Tm1-ICSD-164574-synth_doped.cif,164574.0,3DSC,test,B2C1Fe0.1Ni1.9Tm1,6.64,1994,1,0
1,split_cifs_by_csv_label/train/B2C1La1Pt2-ICSD-79565.cif,79565.0,3DSC,test,B2C1La1Pt2,10.25,1994,1,0
1,split_cifs_by_csv_label/train/B2C1Ni2Tm1-ICSD-164574.cif,164574.0,3DSC,test,B2C1Ni2Tm1,9.659,1994,1,0
1,split_cifs_by_csv_label/test/B2C1Pr1Pt2-ICSD-157584.cif,157584.0,3DSC,test,B2C1Pr1Pt2,6.0,1994,1,0
1,split_cifs_by_csv_label/train/Ba1Cu1Hg0.76Tl0.76O4.5-ICSD-87039-synth_doped.cif,87039.0,3DSC,test,Ba1Cu1Hg0.76Tl0.76O4.5,87.5,1993,1,0
1,split_cifs_by_csv_label/test/Bi0.99F0.3Nd1Pb0.01S2O0.7-ICSD-192214-synth_doped.cif,192214.0,3DSC,test,Bi0.99F0.3Nd1Pb0.01S2O0.7,4.85,2012,1,0
1,split_cifs_by_csv_label/test/Bi1F0.3Nd1S2O0.7-ICSD-192214.cif,192214.0,3DSC,test,Bi1F0.3Nd1S2O0.7,4.375,2012,1,0
1,split_cifs_by_csv_label/test/Bi1F0.5La0.1S2Sm0.9O0.5-ICSD-194879-synth_doped.cif,194879.0,3DSC,test,Bi1F0.5La0.1S2Sm0.9O0.5,5.2,2012,1,0
1,split_cifs_by_csv_label/test/Bi1F0.5La0.3S2Sm0.7O0.5-ICSD-194879-synth_doped.cif,194879.0,3DSC,test,Bi1F0.5La0.3S2Sm0.7O0.5,5.12,2012,1,0
1,split_cifs_by_csv_label/test/Bi1F0.6Nd1S2O0.4-ICSD-192214-synth_doped.cif,192214.0,3DSC,test,Bi1F0.6Nd1S2O0.4,4.35,2012,1,0
1,split_cifs_by_csv_label/test/Bi2Eu3F4S4-ICSD-230026.cif,230026.0,3DSC,test,Bi2Eu3F4S4,1.425,2012,1,0
1,split_cifs_by_csv_label/test/Fe1P1Pr1O1-ICSD-80200.cif,80200.0,3DSC,test,Fe1P1Pr1O1,3.586666667,2008,1,0
1,split_cifs_by_csv_label/train/As0.15Fe1La1P0.85O1-ICSD-162724-synth_doped.cif,162724.0,3DSC,test,As0.15Fe1La1P0.85O1,11.67,2008,1,0
1,split_cifs_by_csv_label/train/As0.1Fe1La1P0.9O1-ICSD-162724-synth_doped.cif,162724.0,3DSC,test,As0.1Fe1La1P0.9O1,5.96,2008,1,0
1,split_cifs_by_csv_label/test/As0.25Fe1La1P0.75O1-ICSD-162724-synth_doped.cif,162724.0,3DSC,test,As0.25Fe1La1P0.75O1,7.52,2008,1,0
1,split_cifs_by_csv_label/train/As0.2Fe1La1P0.8O1-ICSD-162724-synth_doped.cif,162724.0,3DSC,test,As0.2Fe1La1P0.8O1,11.42,2008,1,0
1,split_cifs_by_csv_label/train/As0.75F0.05Fe1La1P0.25O0.95-ICSD-184646-synth_doped.cif,184646.0,3DSC,test,As0.75F0.05Fe1La1P0.25O0.95,22.38,2008,1,0
1,split_cifs_by_csv_label/train/As0.75Fe1La1P0.25O1-ICSD-163868-synth_doped.cif,163868.0,3DSC,test,As0.75Fe1La1P0.25O1,10.3,2008,1,0
1,split_cifs_by_csv_label/train/As0.7Ce1Fe1P0.3O1-ICSD-162817-synth_doped.cif,162817.0,3DSC,test,As0.7Ce1Fe1P0.3O1,4.0,2008,1,0
1,split_cifs_by_csv_label/train/As0.7Fe1La1P0.3O1-ICSD-163868-synth_doped.cif,163868.0,3DSC,test,As0.7Fe1La1P0.3O1,9.743333333,2008,1,0
1,split_cifs_by_csv_label/train/As0.85Ce1F0.05Fe1P0.15O0.95-ICSD-162818-synth_doped.cif,162818.0,3DSC,test,As0.85Ce1F0.05Fe1P0.15O0.95,21.75,2008,1,0
1,split_cifs_by_csv_label/test/As0.8F0.05Fe1La1P0.2O0.95-ICSD-180442-synth_doped.cif,180442.0,3DSC,test,As0.8F0.05Fe1La1P0.2O0.95,25.61,2008,1,0
1,split_cifs_by_csv_label/train/As0.8F0.1Fe1La1P0.2O0.9-ICSD-180442-synth_doped.cif,180442.0,3DSC,test,As0.8F0.1Fe1La1P0.2O0.9,26.0,2008,1,0
1,split_cifs_by_csv_label/test/As0.8Fe1La1P0.2O1-ICSD-163868-synth_doped.cif,163868.0,3DSC,test,As0.8Fe1La1P0.2O1,3.103333333,2008,1,0
1,split_cifs_by_csv_label/train/As0.95F0.2Fe1La1Sb0.05O0.8-ICSD-180442-synth_doped.cif,180442.0,3DSC,test,As0.95F0.2Fe1La1Sb0.05O0.8,30.1,2008,1,0
1,split_cifs_by_csv_label/test/As0.9Ce1F0.05Fe1P0.1O0.95-ICSD-162818-synth_doped.cif,162818.0,3DSC,test,As0.9Ce1F0.05Fe1P0.1O0.95,19.3,2008,1,0
1,split_cifs_by_csv_label/train/As0.9F0.05Fe1La1P0.1O0.95-ICSD-180442-synth_doped.cif,180442.0,3DSC,test,As0.9F0.05Fe1La1P0.1O0.95,23.6,2008,1,0
1,split_cifs_by_csv_label/train/As0.9F0.2Fe1La1Sb0.1O0.8-ICSD-180442-synth_doped.cif,180442.0,3DSC,test,As0.9F0.2Fe1La1Sb0.1O0.8,28.6,2008,1,0
1,split_cifs_by_csv_label/train/As1Ce0.62F0.175Fe1Gd0.38O0.825-ICSD-181535-synth_doped.cif,181535.0,3DSC,test,As1Ce0.62F0.175Fe1Gd0.38O0.825,44.0,2008,1,0
1,split_cifs_by_csv_label/train/As1Ce1F0.05Fe1O0.95-ICSD-162817-synth_doped.cif,162817.0,3DSC,test,As1Ce1F0.05Fe1O0.95,11.8,2008,1,0
1,split_cifs_by_csv_label/train/As1Ce1F0.08Fe1O0.92-ICSD-162817-synth_doped.cif,162817.0,3DSC,test,As1Ce1F0.08Fe1O0.92,27.6,2008,1,0
1,split_cifs_by_csv_label/test/As1Ce1F0.11Fe1O0.89-ICSD-162818-synth_doped.cif,162818.0,3DSC,test,As1Ce1F0.11Fe1O0.89,47.0,2008,1,0
1,split_cifs_by_csv_label/train/As1Ce1F0.12Fe1O0.88-ICSD-162818-synth_doped.cif,162818.0,3DSC,test,As1Ce1F0.12Fe1O0.88,43.5,2008,1,0
1,split_cifs_by_csv_label/train/As1Ce1F0.16Fe1O0.84-ICSD-162818.cif,162818.0,3DSC,test,As1Ce1F0.16Fe1O0.84,40.85,2008,1,0
1,split_cifs_by_csv_label/test/As1Ce1F0.1Fe1O0.9-ICSD-162818-synth_doped.cif,162818.0,3DSC,test,As1Ce1F0.1Fe1O0.9,36.33333333,2008,1,0
1,split_cifs_by_csv_label/train/As1Ce1F0.2Fe1O0.8-ICSD-162818-synth_doped.cif,162818.0,3DSC,test,As1Ce1F0.2Fe1O0.8,40.4,2008,1,0
1,split_cifs_by_csv_label/train/As1Ce1F0.3Fe1O0.7-ICSD-162818-synth_doped.cif,162818.0,3DSC,test,As1Ce1F0.3Fe1O0.7,46.0,2008,1,0
1,split_cifs_by_csv_label/train/As1Ce1Fe1O0.7-ICSD-162817-synth_doped.cif,162817.0,3DSC,test,As1Ce1Fe1O0.7,40.2,2008,1,0
1,split_cifs_by_csv_label/train/As1Ce1Fe1O0.85-ICSD-162817-synth_doped.cif,162817.0,3DSC,test,As1Ce1Fe1O0.85,42.6,2008,1,0
1,split_cifs_by_csv_label/test/As1Co0.02F0.11Fe0.98La1O0.89-ICSD-180442-synth_doped.cif,180442.0,3DSC,test,As1Co0.02F0.11Fe0.98La1O0.89,10.3,2008,1,0
1,split_cifs_by_csv_label/train/As1Co0.02F0.11Fe0.98Nd1O0.89-ICSD-163548-synth_doped.cif,163548.0,3DSC,test,As1Co0.02F0.11Fe0.98Nd1O0.89,40.1,2008,1,0
1,split_cifs_by_csv_label/train/As1Co0.05F0.11Fe0.95La1O0.89-ICSD-180442-synth_doped.cif,180442.0,3DSC,test,As1Co0.05F0.11Fe0.95La1O0.89,16.1,2008,1,0
1,split_cifs_by_csv_label/test/As1Co0.05Fe0.95Pr1O1-ICSD-162830-synth_doped.cif,162830.0,3DSC,test,As1Co0.05Fe0.95Pr1O1,6.14,2008,1,0
1,split_cifs_by_csv_label/train/As1Co0.075Fe0.925Pr1O1-ICSD-162830-synth_doped.cif,162830.0,3DSC,test,As1Co0.075Fe0.925Pr1O1,15.03333333,2008,1,0
1,split_cifs_by_csv_label/train/As1Co0.15Fe0.85Pr1O1-ICSD-162830-synth_doped.cif,162830.0,3DSC,test,As1Co0.15Fe0.85Pr1O1,7.485,2008,1,0
1,split_cifs_by_csv_label/train/As1Co0.1Fe0.9Pr1O1-ICSD-162830-synth_doped.cif,162830.0,3DSC,test,As1Co0.1Fe0.9Pr1O1,14.9,2008,1,0
1,split_cifs_by_csv_label/train/As1Co0.2Fe0.8Pr1O1-ICSD-162830-synth_doped.cif,162830.0,3DSC,test,As1Co0.2Fe0.8Pr1O1,2.0,2008,1,0
1,split_cifs_by_csv_label/train/As1Co0.3Fe0.7Pr1O1-ICSD-162830-synth_doped.cif,162830.0,3DSC,test,As1Co0.3Fe0.7Pr1O1,4.0,2008,1,0
1,split_cifs_by_csv_label/test/As1F0.06Fe1Nd1O0.94-ICSD-164679-synth_doped.cif,164679.0,3DSC,test,As1F0.06Fe1Nd1O0.94,47.5,2008,1,0
1,split_cifs_by_csv_label/train/As1F0.06Fe1Sm1O0.94-ICSD-163457-synth_doped.cif,163457.0,3DSC,test,As1F0.06Fe1Sm1O0.94,36.4,2008,1,0
1,split_cifs_by_csv_label/train/As1F0.075Fe1Sm1O0.925-ICSD-163457-synth_doped.cif,163457.0,3DSC,test,As1F0.075Fe1Sm1O0.925,33.0,2008,1,0
1,split_cifs_by_csv_label/train/As1F0.07Fe1Sm1O0.93-ICSD-163457-synth_doped.cif,163457.0,3DSC,test,As1F0.07Fe1Sm1O0.93,33.0,2008,1,0
1,split_cifs_by_csv_label/train/As1F0.082Fe1Pr1O0.918-ICSD-162831-synth_doped.cif,162831.0,3DSC,test,As1F0.082Fe1Pr1O0.918,14.6,2008,1,0
1,split_cifs_by_csv_label/test/As1F0.085Fe1Sm1O0.915-ICSD-163457-synth_doped.cif,163457.0,3DSC,test,As1F0.085Fe1Sm1O0.915,14.0,2008,1,0
1,split_cifs_by_csv_label/train/As1F0.08Fe0.985La1Zn0.015O0.9-ICSD-180442-synth_doped.cif,180442.0,3DSC,test,As1F0.08Fe0.985La1Zn0.015O0.9,0.2,2008,1,0
1,split_cifs_by_csv_label/test/As1F0.08Fe0.991La1Zn0.009O0.9-ICSD-180442-synth_doped.cif,180442.0,3DSC,test,As1F0.08Fe0.991La1Zn0.009O0.9,15.6,2008,1,0
1,split_cifs_by_csv_label/train/As1F0.08Fe1La1O0.9-ICSD-180442-synth_doped.cif,180442.0,3DSC,test,As1F0.08Fe1La1O0.9,25.9,2008,1,0
1,split_cifs_by_csv_label/train/As1F0.08Fe1Nd1O0.92-ICSD-164679-synth_doped.cif,164679.0,3DSC,test,As1F0.08Fe1Nd1O0.92,35.0,2008,1,0
1,split_cifs_by_csv_label/train/As1F0.09Fe1Sm1O0.91-ICSD-163457-synth_doped.cif,163457.0,3DSC,test,As1F0.09Fe1Sm1O0.91,42.0,2008,1,0
1,split_cifs_by_csv_label/train/As1F0.11Fe0.5La1Ru0.5O0.89-ICSD-189430-synth_doped.cif,189430.0,3DSC,test,As1F0.11Fe0.5La1Ru0.5O0.89,13.6,2008,1,0
1,split_cifs_by_csv_label/train/As1F0.11Fe0.7La1Ru0.3O0.89-ICSD-189425-synth_doped.cif,189425.0,3DSC,test,As1F0.11Fe0.7La1Ru0.3O0.89,17.75,2008,1,0
1,split_cifs_by_csv_label/train/As1F0.11Fe0.97La1Ru0.03O0.89-ICSD-180442-synth_doped.cif,180442.0,3DSC,test,As1F0.11Fe0.97La1Ru0.03O0.89,25.6,2008,1,0
1,split_cifs_by_csv_label/test/As1F0.11Fe0.97Mn0.03Nd1O0.89-ICSD-163548-synth_doped.cif,163548.0,3DSC,test,As1F0.11Fe0.97Mn0.03Nd1O0.89,11.9,2008,1,0
1,split_cifs_by_csv_label/train/As1F0.11Fe0.985La1Ru0.015O0.89-ICSD-180442-synth_doped.cif,180442.0,3DSC,test,As1F0.11Fe0.985La1Ru0.015O0.89,27.5,2008,1,0
1,split_cifs_by_csv_label/train/As1F0.11Fe0.98La1Ru0.02O0.89-ICSD-180442-synth_doped.cif,180442.0,3DSC,test,As1F0.11Fe0.98La1Ru0.02O0.89,27.4,2008,1,0
1,split_cifs_by_csv_label/test/As1F0.11Fe0.98Mn0.02Nd1O0.89-ICSD-163548-synth_doped.cif,163548.0,3DSC,test,As1F0.11Fe0.98Mn0.02Nd1O0.89,27.1,2008,1,0
1,split_cifs_by_csv_label/train/As1F0.11Fe0.98Nd1Ru0.02O0.89-ICSD-163548-synth_doped.cif,163548.0,3DSC,test,As1F0.11Fe0.98Nd1Ru0.02O0.89,46.6,2008,1,0
1,split_cifs_by_csv_label/test/As1F0.11Fe0.999La1Mn0.001O0.89-ICSD-180442-synth_doped.cif,180442.0,3DSC,test,As1F0.11Fe0.999La1Mn0.001O0.89,12.84333334,2008,1,0
1,split_cifs_by_csv_label/test/As1F0.11Fe0.99Mn0.01Nd1O0.89-ICSD-163548-synth_doped.cif,163548.0,3DSC,test,As1F0.11Fe0.99Mn0.01Nd1O0.89,38.0,2008,1,0
1,split_cifs_by_csv_label/test/As1F0.11Fe0.9La1Ru0.1O0.89-ICSD-189423-synth_doped.cif,189423.0,3DSC,test,As1F0.11Fe0.9La1Ru0.1O0.89,23.65,2008,1,0
1,split_cifs_by_csv_label/train/As1F0.11Fe1La0.8Y0.2O0.89-ICSD-167337-synth_doped.cif,167337.0,3DSC,test,As1F0.11Fe1La0.8Y0.2O0.89,30.3,2008,1,0
1,split_cifs_by_csv_label/train/As1F0.11Fe1Nd1O0.89-ICSD-163548-synth_doped.cif,163548.0,3DSC,test,As1F0.11Fe1Nd1O0.89,49.05,2008,1,0
1,split_cifs_by_csv_label/train/As1F0.11Fe1Pr1O0.89-ICSD-162831-synth_doped.cif,162831.0,3DSC,test,As1F0.11Fe1Pr1O0.89,45.0,2008,1,0
1,split_cifs_by_csv_label/train/As1F0.12Fe0.94Ni0.06Sm1O0.88-ICSD-181443-synth_doped.cif,181443.0,3DSC,test,As1F0.12Fe0.94Ni0.06Sm1O0.88,18.8,2008,1,0
1,split_cifs_by_csv_label/train/As1F0.12Fe0.97Mn0.03Sm1O0.88-ICSD-162157-synth_doped.cif,162157.0,3DSC,test,As1F0.12Fe0.97Mn0.03Sm1O0.88,31.3,2008,1,0
1,split_cifs_by_csv_label/train/As1F0.12Fe0.97Ni0.03Sm1O0.88-ICSD-181442-synth_doped.cif,181442.0,3DSC,test,As1F0.12Fe0.97Ni0.03Sm1O0.88,34.5,2008,1,0
1,split_cifs_by_csv_label/train/As1F0.12Fe0.99Mn0.01Sm1O0.88-ICSD-162157-synth_doped.cif,162157.0,3DSC,test,As1F0.12Fe0.99Mn0.01Sm1O0.88,37.2,2008,1,0
1,split_cifs_by_csv_label/train/As1F0.12Fe0.99Ni0.01Sm1O0.88-ICSD-181442-synth_doped.cif,181442.0,3DSC,test,As1F0.12Fe0.99Ni0.01Sm1O0.88,45.7,2008,1,0
1,split_cifs_by_csv_label/train/As1F0.12Fe0.9Ni0.1Sm1O0.88-ICSD-181445-synth_doped.cif,181445.0,3DSC,test,As1F0.12Fe0.9Ni0.1Sm1O0.88,5.6,2008,1,0
1,split_cifs_by_csv_label/test/As1F0.12Fe1Nd1O0.88-ICSD-163548-synth_doped.cif,163548.0,3DSC,test,As1F0.12Fe1Nd1O0.88,50.0,2008,1,0
1,split_cifs_by_csv_label/train/As1F0.13Fe1Sm1O0.87-ICSD-163457-synth_doped.cif,163457.0,3DSC,test,As1F0.13Fe1Sm1O0.87,24.7,2008,1,0
1,split_cifs_by_csv_label/train/As1F0.14Fe1Sm1O0.86-ICSD-163457-synth_doped.cif,163457.0,3DSC,test,As1F0.14Fe1Sm1O0.86,26.9,2008,1,0
1,split_cifs_by_csv_label/train/As1F0.154Fe1Pr1O0.846-ICSD-162831-synth_doped.cif,162831.0,3DSC,test,As1F0.154Fe1Pr1O0.846,46.4,2008,1,0
1,split_cifs_by_csv_label/test/As1F0.15Fe0.8La1Zn0.2O0.85-ICSD-180442-synth_doped.cif,180442.0,3DSC,test,As1F0.15Fe0.8La1Zn0.2O0.85,25.5,2008,1,0
1,split_cifs_by_csv_label/test/As1F0.15Fe0.95Ru0.05Sm1O0.85-ICSD-162157-synth_doped.cif,162157.0,3DSC,test,As1F0.15Fe0.95Ru0.05Sm1O0.85,41.0,2008,1,0
1,split_cifs_by_csv_label/train/As1F0.15Fe1La0.7Y0.3O0.85-ICSD-167338-synth_doped.cif,167338.0,3DSC,test,As1F0.15Fe1La0.7Y0.3O0.85,36.2,2008,1,0
1,split_cifs_by_csv_label/train/As1F0.15Fe1Sm1O0.85-ICSD-162157-synth_doped.cif,162157.0,3DSC,test,As1F0.15Fe1Sm1O0.85,44.48888889,2008,1,0
1,split_cifs_by_csv_label/train/As1F0.16Fe1Nd1O0.84-ICSD-163548-synth_doped.cif,163548.0,3DSC,test,As1F0.16Fe1Nd1O0.84,46.0,2008,1,0
1,split_cifs_by_csv_label/train/As1F0.175Fe1Nd1O0.825-ICSD-163548-synth_doped.cif,163548.0,3DSC,test,As1F0.175Fe1Nd1O0.825,53.0,2008,1,0
1,split_cifs_by_csv_label/train/As1F0.17Fe1Gd1O0.83-ICSD-425010-synth_doped.cif,425010.0,3DSC,test,As1F0.17Fe1Gd1O0.83,22.0,2008,1,0
1,split_cifs_by_csv_label/train/As1F0.18Fe1Nd1O0.82-ICSD-163548-synth_doped.cif,163548.0,3DSC,test,As1F0.18Fe1Nd1O0.82,49.66666667,2008,1,0
1,split_cifs_by_csv_label/train/As1F0.18Fe1Sm1O0.82-ICSD-162157-synth_doped.cif,162157.0,3DSC,test,As1F0.18Fe1Sm1O0.82,45.0,2008,1,0
1,split_cifs_by_csv_label/train/As1F0.1Fe0.85La1Zn0.15O0.9-ICSD-180442-synth_doped.cif,180442.0,3DSC,test,As1F0.1Fe0.85La1Zn0.15O0.9,19.9,2008,1,0
1,split_cifs_by_csv_label/test/As1F0.1Fe0.95La1Zn0.05O0.9-ICSD-180442-synth_doped.cif,180442.0,3DSC,test,As1F0.1Fe0.95La1Zn0.05O0.9,25.4,2008,1,0
1,split_cifs_by_csv_label/test/As1F0.1Fe0.98La1Zn0.02O0.9-ICSD-180442-synth_doped.cif,180442.0,3DSC,test,As1F0.1Fe0.98La1Zn0.02O0.9,25.5,2008,1,0
1,split_cifs_by_csv_label/train/As1F0.1Fe1La0.5Y0.5O0.9-ICSD-167339-synth_doped.cif,167339.0,3DSC,test,As1F0.1Fe1La0.5Y0.5O0.9,31.4,2008,1,0
1,split_cifs_by_csv_label/train/As1F0.1Fe1La0.7Y0.3O0.9-ICSD-167338-synth_doped.cif,167338.0,3DSC,test,As1F0.1Fe1La0.7Y0.3O0.9,34.8,2008,1,0
1,split_cifs_by_csv_label/train/As1F0.1Fe1La0.8Y0.2O0.9-ICSD-167337-synth_doped.cif,167337.0,3DSC,test,As1F0.1Fe1La0.8Y0.2O0.9,32.0,2008,1,0
1,split_cifs_by_csv_label/train/As1F0.1Fe1Nd1O0.9-ICSD-163548-synth_doped.cif,163548.0,3DSC,test,As1F0.1Fe1Nd1O0.9,50.525,2008,1,0
1,split_cifs_by_csv_label/test/As1F0.1Fe1Pr1O0.9-ICSD-162831-synth_doped.cif,162831.0,3DSC,test,As1F0.1Fe1Pr1O0.9,43.5,2008,1,0
1,split_cifs_by_csv_label/train/As1F0.225Fe1Pr1O0.775-ICSD-162831-synth_doped.cif,162831.0,3DSC,test,As1F0.225Fe1Pr1O0.775,50.0,2008,1,0
1,split_cifs_by_csv_label/train/As1F0.25Fe1Sm1O0.7-ICSD-162157-synth_doped.cif,162157.0,3DSC,test,As1F0.25Fe1Sm1O0.7,49.6,2008,1,0
1,split_cifs_by_csv_label/test/As1F0.28Fe0.905La1Zn0.095O0.68-ICSD-163837-synth_doped.cif,163837.0,3DSC,test,As1F0.28Fe0.905La1Zn0.095O0.68,3.5,2008,1,0
1,split_cifs_by_csv_label/train/As1F0.28Fe0.918La1Zn0.082O0.68-ICSD-163837-synth_doped.cif,163837.0,3DSC,test,As1F0.28Fe0.918La1Zn0.082O0.68,8.2,2008,1,0
1,split_cifs_by_csv_label/train/As1F0.28Fe0.951La1Zn0.049O0.68-ICSD-163837-synth_doped.cif,163837.0,3DSC,test,As1F0.28Fe0.951La1Zn0.049O0.68,1.0,2008,1,0
1,split_cifs_by_csv_label/train/As1F0.28Fe0.973La1Zn0.027O0.68-ICSD-163837-synth_doped.cif,163837.0,3DSC,test,As1F0.28Fe0.973La1Zn0.027O0.68,12.2,2008,1,0
1,split_cifs_by_csv_label/train/As1F0.28Fe0.982La1Zn0.018O0.68-ICSD-163837-synth_doped.cif,163837.0,3DSC,test,As1F0.28Fe0.982La1Zn0.018O0.68,19.6,2008,1,0
1,split_cifs_by_csv_label/train/As1F0.28Fe1La1O0.68-ICSD-163837-synth_doped.cif,163837.0,3DSC,test,As1F0.28Fe1La1O0.68,33.5,2008,1,0
1,split_cifs_by_csv_label/train/As1F0.2Fe0.95Sm1Zn0.05O0.8-ICSD-162157-synth_doped.cif,162157.0,3DSC,test,As1F0.2Fe0.95Sm1Zn0.05O0.8,23.3,2008,1,0
1,split_cifs_by_csv_label/train/As1F0.2Fe0.9Sm1Zn0.1O0.8-ICSD-162157-synth_doped.cif,162157.0,3DSC,test,As1F0.2Fe0.9Sm1Zn0.1O0.8,18.2,2008,1,0
1,split_cifs_by_csv_label/test/As1F0.2Fe1Gd1O0.8-ICSD-425010-synth_doped.cif,425010.0,3DSC,test,As1F0.2Fe1Gd1O0.8,48.35,2008,1,0
1,split_cifs_by_csv_label/train/As1F0.2Fe1Nd1O0.8-ICSD-163548.cif,163548.0,3DSC,test,As1F0.2Fe1Nd1O0.8,32.6,2008,1,0
1,split_cifs_by_csv_label/train/As1F0.3Fe1Nd1O0.7-ICSD-163839-synth_doped.cif,163839.0,3DSC,test,As1F0.3Fe1Nd1O0.7,46.0,2008,1,0
1,split_cifs_by_csv_label/train/As1F1Fe1La0.2Sr0.8-ICSD-168775-synth_doped.cif,168775.0,3DSC,test,As1F1Fe1La0.2Sr0.8,24.4,2008,1,0
1,split_cifs_by_csv_label/train/As1Fe0.7Gd1Ir0.3O1-ICSD-425010-synth_doped.cif,425010.0,3DSC,test,As1Fe0.7Gd1Ir0.3O1,11.6,2008,1,0
1,split_cifs_by_csv_label/train/As1Fe0.84Ir0.16Sm1O1-ICSD-261396-synth_doped.cif,261396.0,3DSC,test,As1Fe0.84Ir0.16Sm1O1,17.3,2008,1,0
1,split_cifs_by_csv_label/train/As1Fe0.85Ir0.15Sm1O1-ICSD-261396.cif,261396.0,3DSC,test,As1Fe0.85Ir0.15Sm1O1,16.0,2008,1,0
1,split_cifs_by_csv_label/train/As1Fe0.85La1Rh0.15O1-ICSD-163868-synth_doped.cif,163868.0,3DSC,test,As1Fe0.85La1Rh0.15O1,14.0,2008,1,0
1,split_cifs_by_csv_label/train/As1Fe0.85Nd1Rh0.15O1-ICSD-164679-synth_doped.cif,164679.0,3DSC,test,As1Fe0.85Nd1Rh0.15O1,14.7,2008,1,0
1,split_cifs_by_csv_label/train/As1Fe0.875Ir0.125Sm1O1-ICSD-261396-synth_doped.cif,261396.0,3DSC,test,As1Fe0.875Ir0.125Sm1O1,16.5,2008,1,0
1,split_cifs_by_csv_label/train/As1Fe0.89Ir0.11Sm1O1-ICSD-261396-synth_doped.cif,261396.0,3DSC,test,As1Fe0.89Ir0.11Sm1O1,18.3,2008,1,0
1,split_cifs_by_csv_label/train/As1Fe0.8Gd1Ir0.2O1-ICSD-425010-synth_doped.cif,425010.0,3DSC,test,As1Fe0.8Gd1Ir0.2O1,17.6,2008,1,0
1,split_cifs_by_csv_label/train/As1Fe0.8Nd1Rh0.2O1-ICSD-164679-synth_doped.cif,164679.0,3DSC,test,As1Fe0.8Nd1Rh0.2O1,10.0,2008,1,0
1,split_cifs_by_csv_label/train/As1Fe0.92Ni0.08Sm1O1-ICSD-181444.cif,181444.0,3DSC,test,As1Fe0.92Ni0.08Sm1O1,6.0,2008,1,0
1,split_cifs_by_csv_label/train/As1Fe0.94Ir0.06Sm1O1-ICSD-163457-synth_doped.cif,163457.0,3DSC,test,As1Fe0.94Ir0.06Sm1O1,18.0,2008,1,0
1,split_cifs_by_csv_label/test/As1Fe0.94Ni0.06Sm1O1-ICSD-181443.cif,181443.0,3DSC,test,As1Fe0.94Ni0.06Sm1O1,9.0,2008,1,0
1,split_cifs_by_csv_label/train/As1Fe0.95La1Rh0.05O1-ICSD-163868-synth_doped.cif,163868.0,3DSC,test,As1Fe0.95La1Rh0.05O1,12.0,2008,1,0
1,split_cifs_by_csv_label/train/As1Fe0.95Nd1Rh0.05O1-ICSD-164679-synth_doped.cif,164679.0,3DSC,test,As1Fe0.95Nd1Rh0.05O1,7.1,2008,1,0
1,split_cifs_by_csv_label/test/As1Fe0.96La1Ni0.04O1-ICSD-163868-synth_doped.cif,163868.0,3DSC,test,As1Fe0.96La1Ni0.04O1,6.5,2008,1,0
1,split_cifs_by_csv_label/test/As1Fe0.96Ni0.04Sm1O1-ICSD-181442.cif,181442.0,3DSC,test,As1Fe0.96Ni0.04Sm1O1,7.5,2008,1,0
1,split_cifs_by_csv_label/test/As1Fe0.9La1Rh0.1O1-ICSD-163868-synth_doped.cif,163868.0,3DSC,test,As1Fe0.9La1Rh0.1O1,14.0,2008,1,0
1,split_cifs_by_csv_label/train/As1Fe0.9Nd1Rh0.1O1-ICSD-164679-synth_doped.cif,164679.0,3DSC,test,As1Fe0.9Nd1Rh0.1O1,15.8,2008,1,0
1,split_cifs_by_csv_label/test/As1Fe0.9Rh0.1Sm1O1-ICSD-163457-synth_doped.cif,163457.0,3DSC,test,As1Fe0.9Rh0.1Sm1O1,9.6,2008,1,0
1,split_cifs_by_csv_label/train/As1Fe1Gd0.8Th0.2O1-ICSD-425010-synth_doped.cif,425010.0,3DSC,test,As1Fe1Gd0.8Th0.2O1,56.5,2008,1,0
1,split_cifs_by_csv_label/train/As1Fe1Gd1O0.7-ICSD-425010-synth_doped.cif,425010.0,3DSC,test,As1Fe1Gd1O0.7,53.6,2008,1,0
1,split_cifs_by_csv_label/train/As1Fe1Gd1O0.85-ICSD-425010-synth_doped.cif,425010.0,3DSC,test,As1Fe1Gd1O0.85,53.5,2008,1,0
1,split_cifs_by_csv_label/train/As1Fe1La0.85Sr0.15O1-ICSD-163868-synth_doped.cif,163868.0,3DSC,test,As1Fe1La0.85Sr0.15O1,25.4,2008,1,0
1,split_cifs_by_csv_label/train/As1Fe1La0.87Sr0.13O1-ICSD-163868-synth_doped.cif,163868.0,3DSC,test,As1Fe1La0.87Sr0.13O1,22.06666667,2008,1,0
1,split_cifs_by_csv_label/test/As1Fe1La0.89Sr0.11O1-ICSD-163868-synth_doped.cif,163868.0,3DSC,test,As1Fe1La0.89Sr0.11O1,25.5,2008,1,0
1,split_cifs_by_csv_label/test/As1Fe1La0.8Sr0.2O1-ICSD-163868-synth_doped.cif,163868.0,3DSC,test,As1Fe1La0.8Sr0.2O1,24.9,2008,1,0
1,split_cifs_by_csv_label/train/As1Fe1La0.8Y0.2O0.7-ICSD-167337-synth_doped.cif,167337.0,3DSC,test,As1Fe1La0.8Y0.2O0.7,34.0,2008,1,0
1,split_cifs_by_csv_label/train/As1Fe1La0.92Sr0.08O1-ICSD-163868-synth_doped.cif,163868.0,3DSC,test,As1Fe1La0.92Sr0.08O1,18.9,2008,1,0
1,split_cifs_by_csv_label/test/As1Fe1La0.96Sr0.04O1-ICSD-163868-synth_doped.cif,163868.0,3DSC,test,As1Fe1La0.96Sr0.04O1,3.65,2008,1,0
1,split_cifs_by_csv_label/train/As1Fe1La0.9Sr0.1O1-ICSD-163868-synth_doped.cif,163868.0,3DSC,test,As1Fe1La0.9Sr0.1O1,24.6,2008,1,0
1,split_cifs_by_csv_label/train/As1Fe1La1O1-ICSD-163868.cif,163868.0,3DSC,test,As1Fe1La1O1,10.2,2008,1,0
1,split_cifs_by_csv_label/train/As1Fe1Li0.8-ICSD-162056-synth_doped.cif,162056.0,3DSC,test,As1Fe1Li0.8,17.6,2008,1,0
1,split_cifs_by_csv_label/train/As1Fe1Na0.86-ICSD-165998-synth_doped.cif,165998.0,3DSC,test,As1Fe1Na0.86,26.0,2008,1,0
1,split_cifs_by_csv_label/train/As1Fe1Nd0.8Sr0.2O1-ICSD-162559-synth_doped.cif,162559.0,3DSC,test,As1Fe1Nd0.8Sr0.2O1,13.5,2008,1,0
1,split_cifs_by_csv_label/train/As1Fe1Nd0.8Th0.2O1-ICSD-164679-synth_doped.cif,164679.0,3DSC,test,As1Fe1Nd0.8Th0.2O1,43.0,2008,1,0
1,split_cifs_by_csv_label/train/As1Fe1Nd1O0.6-ICSD-162433-synth_doped.cif,162433.0,3DSC,test,As1Fe1Nd1O0.6,53.5,2008,1,0
1,split_cifs_by_csv_label/train/As1Fe1Nd1O0.7-ICSD-162433-synth_doped.cif,162433.0,3DSC,test,As1Fe1Nd1O0.7,53.7,2008,1,0
1,split_cifs_by_csv_label/train/As1Fe1Nd1O0.85-ICSD-164063.cif,164063.0,3DSC,test,As1Fe1Nd1O0.85,51.45,2008,1,0
1,split_cifs_by_csv_label/train/As1Fe1Nd1O0.9-ICSD-162430-synth_doped.cif,162430.0,3DSC,test,As1Fe1Nd1O0.9,46.9,2008,1,0
1,split_cifs_by_csv_label/train/As1Fe1Pr0.75Sr0.25O1-ICSD-162830-synth_doped.cif,162830.0,3DSC,test,As1Fe1Pr0.75Sr0.25O1,16.25,2008,1,0
1,split_cifs_by_csv_label/test/As1Fe1Pr0.85Sr0.15O1-ICSD-162830-synth_doped.cif,162830.0,3DSC,test,As1Fe1Pr0.85Sr0.15O1,15.5,2008,1,0
1,split_cifs_by_csv_label/test/As1Fe1Pr0.8Sr0.2O1-ICSD-162830-synth_doped.cif,162830.0,3DSC,test,As1Fe1Pr0.8Sr0.2O1,14.6,2008,1,0
1,split_cifs_by_csv_label/train/As1Fe1Pr0.95Sr0.05O1-ICSD-162830-synth_doped.cif,162830.0,3DSC,test,As1Fe1Pr0.95Sr0.05O1,4.86,2008,1,0
1,split_cifs_by_csv_label/test/As1Fe1Pr0.9Sr0.1O1-ICSD-162830-synth_doped.cif,162830.0,3DSC,test,As1Fe1Pr0.9Sr0.1O1,12.8,2008,1,0
1,split_cifs_by_csv_label/train/As1Fe1Pr1O0.7-ICSD-162832-synth_doped.cif,162832.0,3DSC,test,As1Fe1Pr1O0.7,46.25,2008,1,0
1,split_cifs_by_csv_label/train/As1Fe1Pr1O0.85-ICSD-162832-synth_doped.cif,162832.0,3DSC,test,As1Fe1Pr1O0.85,48.2,2008,1,0
1,split_cifs_by_csv_label/train/As1Fe1Pr1O0.896-ICSD-162832-synth_doped.cif,162832.0,3DSC,test,As1Fe1Pr1O0.896,44.4,2008,1,0
1,split_cifs_by_csv_label/test/As1Fe1Sm0.89Th0.11O1-ICSD-163457-synth_doped.cif,163457.0,3DSC,test,As1Fe1Sm0.89Th0.11O1,48.9,2008,1,0
1,split_cifs_by_csv_label/test/As1Fe1Sm0.8U0.2O1-ICSD-163457-synth_doped.cif,163457.0,3DSC,test,As1Fe1Sm0.8U0.2O1,46.0,2008,1,0
1,split_cifs_by_csv_label/train/As1Fe1Sm0.9Th0.1O1-ICSD-163457-synth_doped.cif,163457.0,3DSC,test,As1Fe1Sm0.9Th0.1O1,51.4,2008,1,0
1,split_cifs_by_csv_label/train/As1Fe1Sm0.9U0.1O1-ICSD-163457-synth_doped.cif,163457.0,3DSC,test,As1Fe1Sm0.9U0.1O1,47.0,2008,1,0
1,split_cifs_by_csv_label/train/As1Fe1Sm1O0.67-ICSD-167246-synth_doped.cif,167246.0,3DSC,test,As1Fe1Sm1O0.67,55.0,2008,1,0
1,split_cifs_by_csv_label/train/As1Fe1Sm1O0.7-ICSD-167246-synth_doped.cif,167246.0,3DSC,test,As1Fe1Sm1O0.7,52.1,2008,1,0
1,split_cifs_by_csv_label/train/As1Fe1Sm1O0.8-ICSD-167246-synth_doped.cif,167246.0,3DSC,test,As1Fe1Sm1O0.8,40.1,2008,1,0
1,split_cifs_by_csv_label/test/As1Fe1Sm1O0.85-ICSD-163457-synth_doped.cif,163457.0,3DSC,test,As1Fe1Sm1O0.85,53.23333333,2008,1,0
1,split_cifs_by_csv_label/train/B2C1Co0.1Er1Ni1.9-ICSD-246432.cif,246432.0,3DSC,test,B2C1Co0.1Er1Ni1.9,3.1,1994,1,0
1,split_cifs_by_csv_label/train/B2C1Dy0.15Ho0.85Ni2-ICSD-79063-synth_doped.cif,79063.0,3DSC,test,B2C1Dy0.15Ho0.85Ni2,7.895,1994,1,0
1,split_cifs_by_csv_label/train/B2C1Dy0.1Ho0.9Ni2-ICSD-79063-synth_doped.cif,79063.0,3DSC,test,B2C1Dy0.1Ho0.9Ni2,8.116666667,1994,1,0
1,split_cifs_by_csv_label/test/B2C1Dy0.2Ho0.8Ni2-ICSD-79063-synth_doped.cif,79063.0,3DSC,test,B2C1Dy0.2Ho0.8Ni2,6.61,1994,1,0
1,split_cifs_by_csv_label/train/B2C1Dy0.3Ho0.7Ni2-ICSD-79063-synth_doped.cif,79063.0,3DSC,test,B2C1Dy0.3Ho0.7Ni2,5.83,1994,1,0
1,split_cifs_by_csv_label/train/B2C1Dy0.75Ni2Tb0.25-ICSD-56596-synth_doped.cif,56596.0,3DSC,test,B2C1Dy0.75Ni2Tb0.25,3.24,1994,1,0
1,split_cifs_by_csv_label/train/B2C1Dy0.7Lu0.3Ni2-ICSD-56596-synth_doped.cif,56596.0,3DSC,test,B2C1Dy0.7Lu0.3Ni2,2.0,1994,1,0
1,split_cifs_by_csv_label/train/B2C1Dy0.85Ni2Tm0.15-ICSD-56596-synth_doped.cif,56596.0,3DSC,test,B2C1Dy0.85Ni2Tm0.15,2.3,1994,1,0
1,split_cifs_by_csv_label/train/B2C1Dy0.85Ni2Y0.15-ICSD-56596-synth_doped.cif,56596.0,3DSC,test,B2C1Dy0.85Ni2Y0.15,4.3,1994,1,0
1,split_cifs_by_csv_label/train/B2C1Dy0.8Ho0.2Ni2-ICSD-56596-synth_doped.cif,56596.0,3DSC,test,B2C1Dy0.8Ho0.2Ni2,6.215,1994,1,0
1,split_cifs_by_csv_label/train/B2C1Dy0.8Ni2Tm0.2-ICSD-56596-synth_doped.cif,56596.0,3DSC,test,B2C1Dy0.8Ni2Tm0.2,3.42,1994,1,0
1,split_cifs_by_csv_label/train/B2C1Dy0.95Lu0.05Ni2-ICSD-56596-synth_doped.cif,56596.0,3DSC,test,B2C1Dy0.95Lu0.05Ni2,5.325,1994,1,0
1,split_cifs_by_csv_label/train/B2C1Dy0.95Ni2Tb0.05-ICSD-56596-synth_doped.cif,56596.0,3DSC,test,B2C1Dy0.95Ni2Tb0.05,5.61,1994,1,0
1,split_cifs_by_csv_label/train/B2C1Dy0.9Lu0.1Ni2-ICSD-56596-synth_doped.cif,56596.0,3DSC,test,B2C1Dy0.9Lu0.1Ni2,2.485,1994,1,0
1,split_cifs_by_csv_label/train/B2C1Dy0.9Ni2Tb0.1-ICSD-56596-synth_doped.cif,56596.0,3DSC,test,B2C1Dy0.9Ni2Tb0.1,4.7,1994,1,0
1,split_cifs_by_csv_label/train/B2C1Dy0.9Ni2Tm0.1-ICSD-56596-synth_doped.cif,56596.0,3DSC,test,B2C1Dy0.9Ni2Tm0.1,4.55,1994,1,0
1,split_cifs_by_csv_label/test/B2C1Dy1Ni2-ICSD-56596.cif,56596.0,3DSC,test,B2C1Dy1Ni2,5.033571429,1994,1,0
1,split_cifs_by_csv_label/train/B2C1Er0.75Ni2Tb0.25-ICSD-246433-synth_doped.cif,246433.0,3DSC,test,B2C1Er0.75Ni2Tb0.25,4.675,1994,1,0
1,split_cifs_by_csv_label/train/B2C1Er0.775Ni2Tb0.225-ICSD-246433-synth_doped.cif,246433.0,3DSC,test,B2C1Er0.775Ni2Tb0.225,5.9,1994,1,0
1,split_cifs_by_csv_label/train/B2C1Er0.7Ni2Tb0.3-ICSD-246433-synth_doped.cif,246433.0,3DSC,test,B2C1Er0.7Ni2Tb0.3,2.0,1994,1,0
1,split_cifs_by_csv_label/train/B2C1Er0.82Ni2Tb0.18-ICSD-246433-synth_doped.cif,246433.0,3DSC,test,B2C1Er0.82Ni2Tb0.18,5.63,1994,1,0
1,split_cifs_by_csv_label/test/B2C1Er0.85Ni2Tb0.15-ICSD-246433-synth_doped.cif,246433.0,3DSC,test,B2C1Er0.85Ni2Tb0.15,7.225,1994,1,0
1,split_cifs_by_csv_label/test/B2C1Er0.8Lu0.2Ni2-ICSD-246434.cif,246434.0,3DSC,test,B2C1Er0.8Lu0.2Ni2,10.8,1994,1,0
1,split_cifs_by_csv_label/train/B2C1Er0.8Ni2Tb0.2-ICSD-246433.cif,246433.0,3DSC,test,B2C1Er0.8Ni2Tb0.2,6.15,1994,1,0
1,split_cifs_by_csv_label/test/B2C1Er0.9Ni2Tb0.1-ICSD-246433-synth_doped.cif,246433.0,3DSC,test,B2C1Er0.9Ni2Tb0.1,8.52,1994,1,0
1,split_cifs_by_csv_label/train/B2C1Fe0.01Ho1Ni1.99-ICSD-79063-synth_doped.cif,79063.0,3DSC,test,B2C1Fe0.01Ho1Ni1.99,7.0,1994,1,0
1,split_cifs_by_csv_label/train/B2C1Gd0.21Ni2Y0.79-ICSD-83231-synth_doped.cif,83231.0,3DSC,test,B2C1Gd0.21Ni2Y0.79,7.81,1994,1,0
1,split_cifs_by_csv_label/train/B2C1Gd0.22Ni2Y0.78-ICSD-83231-synth_doped.cif,83231.0,3DSC,test,B2C1Gd0.22Ni2Y0.78,7.02,1994,1,0
1,split_cifs_by_csv_label/train/B2C1Ho0.75Lu0.25Ni2-ICSD-79063-synth_doped.cif,79063.0,3DSC,test,B2C1Ho0.75Lu0.25Ni2,8.81,1994,1,0
1,split_cifs_by_csv_label/test/B2C1Ho0.75Ni2Y0.25-ICSD-79063-synth_doped.cif,79063.0,3DSC,test,B2C1Ho0.75Ni2Y0.25,8.9,1994,1,0
1,split_cifs_by_csv_label/train/B2C1Ho0.7Lu0.3Ni2-ICSD-79063-synth_doped.cif,79063.0,3DSC,test,B2C1Ho0.7Lu0.3Ni2,8.72,1994,1,0
1,split_cifs_by_csv_label/train/B2C1Ho0.85Lu0.15Ni2-ICSD-79063-synth_doped.cif,79063.0,3DSC,test,B2C1Ho0.85Lu0.15Ni2,8.72,1994,1,0
1,split_cifs_by_csv_label/train/B2C1Ho0.85Ni2Y0.15-ICSD-79063-synth_doped.cif,79063.0,3DSC,test,B2C1Ho0.85Ni2Y0.15,9.3,1994,1,0
1,split_cifs_by_csv_label/train/B2C1Ho0.8La0.2Ni2-ICSD-79063-synth_doped.cif,79063.0,3DSC,test,B2C1Ho0.8La0.2Ni2,1.3,1994,1,0
1,split_cifs_by_csv_label/train/B2C1Ho0.8Lu0.2Ni2-ICSD-79063-synth_doped.cif,79063.0,3DSC,test,B2C1Ho0.8Lu0.2Ni2,8.77,1994,1,0
1,split_cifs_by_csv_label/train/B2C1Ho0.93La0.07Ni2-ICSD-79063-synth_doped.cif,79063.0,3DSC,test,B2C1Ho0.93La0.07Ni2,3.0,1994,1,0
1,split_cifs_by_csv_label/train/B2C1Ho0.95La0.05Ni2-ICSD-79063-synth_doped.cif,79063.0,3DSC,test,B2C1Ho0.95La0.05Ni2,6.62,1994,1,0
1,split_cifs_by_csv_label/test/B2C1Ho0.95Lu0.05Ni2-ICSD-79063-synth_doped.cif,79063.0,3DSC,test,B2C1Ho0.95Lu0.05Ni2,8.77,1994,1,0
1,split_cifs_by_csv_label/train/B2C1Ho0.97La0.03Ni2-ICSD-79063-synth_doped.cif,79063.0,3DSC,test,B2C1Ho0.97La0.03Ni2,7.44,1994,1,0
1,split_cifs_by_csv_label/train/B2C1Ho0.9La0.1Ni2-ICSD-79063-synth_doped.cif,79063.0,3DSC,test,B2C1Ho0.9La0.1Ni2,2.25,1994,1,0
1,split_cifs_by_csv_label/train/B2C1Ho0.9Lu0.1Ni2-ICSD-79063-synth_doped.cif,79063.0,3DSC,test,B2C1Ho0.9Lu0.1Ni2,8.77,1994,1,0
1,split_cifs_by_csv_label/train/B2C1Ho1Ni2-ICSD-79063.cif,79063.0,3DSC,test,B2C1Ho1Ni2,8.066176471,1994,1,0
1,split_cifs_by_csv_label/train/B2C1Ni2Pr0.25Y0.75-ICSD-83231-synth_doped.cif,83231.0,3DSC,test,B2C1Ni2Pr0.25Y0.75,7.7,1994,1,0
1,split_cifs_by_csv_label/test/Ba2Cu0.97Hg1Zn0.03O4.063-ICSD-41637-synth_doped.cif,41637.0,3DSC,test,Ba2Cu0.97Hg1Zn0.03O4.063,75.0,1993,1,0
1,split_cifs_by_csv_label/test/Ba2Cu0.97Hg1Zn0.03O4.073-ICSD-41637-synth_doped.cif,41637.0,3DSC,test,Ba2Cu0.97Hg1Zn0.03O4.073,82.0,1993,1,0
1,split_cifs_by_csv_label/test/Ba2Cu1Hg1O4.033-ICSD-41640-synth_doped.cif,41640.0,3DSC,test,Ba2Cu1Hg1O4.033,48.0,1993,1,0
1,split_cifs_by_csv_label/test/Ba2Cu1Hg1O4.049-ICSD-41640-synth_doped.cif,41640.0,3DSC,test,Ba2Cu1Hg1O4.049,70.0,1993,1,0
1,split_cifs_by_csv_label/test/Ba2Cu1Hg1O4.05-ICSD-41640-synth_doped.cif,41640.0,3DSC,test,Ba2Cu1Hg1O4.05,73.5,1993,1,0
1,split_cifs_by_csv_label/test/Ba2Cu1Hg1O4.052-ICSD-41640-synth_doped.cif,41640.0,3DSC,test,Ba2Cu1Hg1O4.052,82.0,1993,1,0
1,split_cifs_by_csv_label/test/Ba2Cu1Hg1O4.096-ICSD-41638-synth_doped.cif,41638.0,3DSC,test,Ba2Cu1Hg1O4.096,95.6,1993,1,0
1,split_cifs_by_csv_label/test/Ba2Cu1Hg1O4.097-ICSD-41638-synth_doped.cif,41638.0,3DSC,test,Ba2Cu1Hg1O4.097,95.3,1993,1,0
1,split_cifs_by_csv_label/test/Ba2Cu1Hg1O4.108-ICSD-41638-synth_doped.cif,41638.0,3DSC,test,Ba2Cu1Hg1O4.108,89.1,1993,1,0
1,split_cifs_by_csv_label/test/Ba2Cu1Hg1O4.15-ICSD-291054.cif,291054.0,3DSC,test,Ba2Cu1Hg1O4.15,97.0,1993,1,0
1,split_cifs_by_csv_label/test/Ba2Cu1Hg1O4.21-ICSD-41642.cif,41642.0,3DSC,test,Ba2Cu1Hg1O4.21,80.0,1993,1,0
1,split_cifs_by_csv_label/test/Ba2Cu1Tl2O6.01-ICSD-202722-synth_doped.cif,202722.0,3DSC,test,Ba2Cu1Tl2O6.01,81.0,1988,1,0
1,split_cifs_by_csv_label/test/F0.08Fe1La1P1O0.92-ICSD-162724-synth_doped.cif,162724.0,3DSC,test,F0.08Fe1La1P1O0.92,7.8,2008,1,0
0,split_cifs_by_csv_label/test/As0.46Ba1Fe2P1.54-ICSD-193613-synth_doped.cif,193613.0,3DSC,test,As0.46Ba1Fe2P1.54,,2008,0,1
0,split_cifs_by_csv_label/train/As12Fe4La1-ICSD-23080.cif,23080.0,3DSC,test,As12Fe4La1,,2008,0,1
0,split_cifs_by_csv_label/test/As18Ca10Fe10Pt3-ICSD-423399-synth_doped.cif,423399.0,3DSC,test,As18Ca10Fe10Pt3,,2008,0,1
0,split_cifs_by_csv_label/train/As18Ca10Fe9.96Pt3.04-ICSD-423398-synth_doped.cif,423398.0,3DSC,test,As18Ca10Fe9.96Pt3.04,,2008,0,1
0,split_cifs_by_csv_label/train/As1Fe1La0.3Y0.7O1-ICSD-167339-synth_doped.cif,167339.0,3DSC,test,As1Fe1La0.3Y0.7O1,,2008,0,1
0,split_cifs_by_csv_label/test/As2Ba1Cr0.75Fe1.25-ICSD-230853-synth_doped.cif,230853.0,3DSC,test,As2Ba1Cr0.75Fe1.25,,2008,0,1
0,split_cifs_by_csv_label/train/As2Cr2Fe2Sr4O6-ICSD-420653.cif,420653.0,3DSC,test,As2Cr2Fe2Sr4O6,,2008,0,1
0,split_cifs_by_csv_label/train/As2Fe2Sc2Sr4O6-ICSD-180528.cif,180528.0,3DSC,test,As2Fe2Sc2Sr4O6,,2008,0,1
0,split_cifs_by_csv_label/train/Au0.3B2C1La1Pt1.7-ICSD-79565-synth_doped.cif,79565.0,3DSC,test,Au0.3B2C1La1Pt1.7,,1994,0,1
0,split_cifs_by_csv_label/test/B2C1La0.09Lu0.91Ni2-ICSD-75609-synth_doped.cif,75609.0,3DSC,test,B2C1La0.09Lu0.91Ni2,,1994,0,1
0,split_cifs_by_csv_label/train/Ba0.241Bi1K0.759O3-ICSD-40515-synth_doped.cif,40515.0,3DSC,test,Ba0.241Bi1K0.759O3,,1988,0,1
0,split_cifs_by_csv_label/test/Ba0.257Bi1K0.743O3-ICSD-40515-synth_doped.cif,40515.0,3DSC,test,Ba0.257Bi1K0.743O3,,1988,0,1
0,split_cifs_by_csv_label/train/Ba1.8Cu1La0.2Tl1O5-ICSD-66583-synth_doped.cif,66583.0,3DSC,test,Ba1.8Cu1La0.2Tl1O5,,1988,0,1
0,split_cifs_by_csv_label/train/Ba1Fe2P2-ICSD-169745.cif,169745.0,3DSC,test,Ba1Fe2P2,,2008,0,1
0,split_cifs_by_csv_label/test/Ba2Ca0.2Cu2Tl1Y0.8O7-ICSD-74163-synth_doped.cif,74163.0,3DSC,test,Ba2Ca0.2Cu2Tl1Y0.8O7,,1988,0,1
0,split_cifs_by_csv_label/train/Ba2Ca4Cu5Hg1O12.32-ICSD-75783-synth_doped.cif,75783.0,3DSC,test,Ba2Ca4Cu5Hg1O12.32,,1993,0,1
0,split_cifs_by_csv_label/train/Ba2Cu1Hg1Tl1O6-ICSD-83085.cif,83085.0,3DSC,test,Ba2Cu1Hg1Tl1O6,,1993,0,1
0,split_cifs_by_csv_label/train/Ba2Cu2Tl1Y1O7-ICSD-74163.cif,74163.0,3DSC,test,Ba2Cu2Tl1Y1O7,,1988,0,1
0,split_cifs_by_csv_label/train/Bi1.08K0.92O3-ICSD-50726-synth_doped.cif,50726.0,3DSC,test,Bi1.08K0.92O3,,1988,0,1
0,split_cifs_by_csv_label/train/Bi1.3K0.7O3-ICSD-50726-synth_doped.cif,50726.0,3DSC,test,Bi1.3K0.7O3,,1988,0,1
0,split_cifs_by_csv_label/train/Bi1Ce0.7F0.5Nd0.3S2O0.5-ICSD-194454-synth_doped.cif,194454.0,3DSC,test,Bi1Ce0.7F0.5Nd0.3S2O0.5,,2012,0,1
0,split_cifs_by_csv_label/train/Bi1Ce1F0.3S2O0.47-ICSD-194455-synth_doped.cif,194455.0,3DSC,test,Bi1Ce1F0.3S2O0.47,,2012,0,1
0,split_cifs_by_csv_label/train/Bi1F1La0.25S2Sr0.75-ICSD-250892-synth_doped.cif,250892.0,3DSC,test,Bi1F1La0.25S2Sr0.75,,2012,0,1
0,split_cifs_by_csv_label/test/Bi1F1Nd0.5S2Sr0.5-ICSD-291086.cif,291086.0,3DSC,test,Bi1F1Nd0.5S2Sr0.5,,2012,0,1
0,split_cifs_by_csv_label/train/Bi1F1Pr0.5S2Sr0.5-ICSD-291087.cif,291087.0,3DSC,test,Bi1F1Pr0.5S2Sr0.5,,2012,0,1
0,split_cifs_by_csv_label/train/Bi1F1S2Sm0.5Sr0.5-ICSD-291088.cif,291088.0,3DSC,test,Bi1F1S2Sm0.5Sr0.5,,2012,0,1
0,split_cifs_by_csv_label/train/Bi1F1S2Sr1-ICSD-250892.cif,250892.0,3DSC,test,Bi1F1S2Sr1,,2012,0,1
0,split_cifs_by_csv_label/train/Bi2.1Ca1Cu2Sr1.9O8.22-ICSD-71824-synth_doped.cif,71824.0,3DSC,test,Bi2.1Ca1Cu2Sr1.9O8.22,,1988,0,1
0,split_cifs_by_csv_label/test/Bi2.1Ca1Cu2Sr1.9O8.25-ICSD-71824-synth_doped.cif,71824.0,3DSC,test,Bi2.1Ca1Cu2Sr1.9O8.25,,1988,0,1
0,split_cifs_by_csv_label/train/Bi2.1Ca1Cu2Sr1.9O8.28-ICSD-71824-synth_doped.cif,71824.0,3DSC,test,Bi2.1Ca1Cu2Sr1.9O8.28,,1988,0,1
0,split_cifs_by_csv_label/test/Bi2.25Cu1Sr1.75O6.21-ICSD-63209-synth_doped.cif,63209.0,3DSC,test,Bi2.25Cu1Sr1.75O6.21,,1988,0,1
0,split_cifs_by_csv_label/train/Bi2.35Cu1Sr1.65O6.23-ICSD-63209-synth_doped.cif,63209.0,3DSC,test,Bi2.35Cu1Sr1.65O6.23,,1988,0,1
0,split_cifs_by_csv_label/train/Bi2Ca0.1Cu2Pr0.9Sr2O8.53-ICSD-91466-synth_doped.cif,91466.0,3DSC,test,Bi2Ca0.1Cu2Pr0.9Sr2O8.53,,1988,0,1
0,split_cifs_by_csv_label/train/Bi2Ca0.2Cu2Pr0.8Sr2O8.458-ICSD-91466-synth_doped.cif,91466.0,3DSC,test,Bi2Ca0.2Cu2Pr0.8Sr2O8.458,,1988,0,1
0,split_cifs_by_csv_label/test/Bi2Ca0.3Cu2Pr0.7Sr2O8.411-ICSD-91466-synth_doped.cif,91466.0,3DSC,test,Bi2Ca0.3Cu2Pr0.7Sr2O8.411,,1988,0,1
0,split_cifs_by_csv_label/train/Bi2Ca1Cu2Sr2O7.93-ICSD-71824-synth_doped.cif,71824.0,3DSC,test,Bi2Ca1Cu2Sr2O7.93,,1988,0,1
0,split_cifs_by_csv_label/train/Bi2Ca1Cu2Sr2O7.965-ICSD-71824-synth_doped.cif,71824.0,3DSC,test,Bi2Ca1Cu2Sr2O7.965,,1988,0,1
0,split_cifs_by_csv_label/train/Bi2Ca1Cu2Sr2O7.975-ICSD-71824-synth_doped.cif,71824.0,3DSC,test,Bi2Ca1Cu2Sr2O7.975,,1988,0,1
0,split_cifs_by_csv_label/train/Bi2Cu1Pb0.2Sr1.8O6.129-ICSD-63209-synth_doped.cif,63209.0,3DSC,test,Bi2Cu1Pb0.2Sr1.8O6.129,,1988,0,1
0,split_cifs_by_csv_label/train/Bi2Cu1Pb0.3Sr1.7O6.152-ICSD-63209-synth_doped.cif,63209.0,3DSC,test,Bi2Cu1Pb0.3Sr1.7O6.152,,1988,0,1
0,split_cifs_by_csv_label/test/Bi2K1.4Sr1.6O7-ICSD-50750.cif,50750.0,3DSC,test,Bi2K1.4Sr1.6O7,,1988,0,1
0,split_cifs_by_csv_label/train/Bi2S2O1-ICSD-196230.cif,196230.0,3DSC,test,Bi2S2O1,,2012,0,1
0,split_cifs_by_csv_label/train/Ca0.2Cu2Sr2Tl1Y0.8O7-ICSD-74164-synth_doped.cif,74164.0,3DSC,test,Ca0.2Cu2Sr2Tl1Y0.8O7,,1988,0,1
0,split_cifs_by_csv_label/test/Cu1Sr2Tl1O5-ICSD-86427.cif,86427.0,3DSC,test,Cu1Sr2Tl1O5,,1988,0,1
0,split_cifs_by_csv_label/train/Cu2Sr2Tl1Y1O7-ICSD-74164.cif,74164.0,3DSC,test,Cu2Sr2Tl1Y1O7,,1988,0,1
0,split_cifs_by_csv_label/test/Fe1.439Rb0.737Se2-ICSD-290420-synth_doped.cif,290420.0,3DSC,test,Fe1.439Rb0.737Se2,,2008,0,1
0,split_cifs_by_csv_label/train/Fe1.497Rb0.698Se2-ICSD-290420-synth_doped.cif,290420.0,3DSC,test,Fe1.497Rb0.698Se2,,2008,0,1
0,split_cifs_by_csv_label/train/Fe1.56Rb0.44Se2Tl0.36-ICSD-290906-synth_doped.cif,290906.0,3DSC,test,Fe1.56Rb0.44Se2Tl0.36,,2008,0,1
0,split_cifs_by_csv_label/train/Fe1P1Zr1-ICSD-43204.cif,43204.0,3DSC,test,Fe1P1Zr1,,2008,0,1
0,split_cifs_by_csv_label/train/Fe1Sb1-ICSD-633396.cif,633396.0,3DSC,test,Fe1Sb1,,2008,0,1
0,split_cifs_by_csv_label/train/Fe2Te3-ICSD-633866-synth_doped.cif,633866.0,3DSC,test,Fe2Te3,,2008,0,1
0,split_cifs_by_csv_label/train/Fe4Nd1P12-ICSD-93364.cif,93364.0,3DSC,test,Fe4Nd1P12,,2008,0,1
0,split_cifs_by_csv_label/train/Fe4P12Pr1-ICSD-93363.cif,93363.0,3DSC,test,Fe4P12Pr1,,2008,0,1
0,split_cifs_by_csv_label/train/Fe4P12Sm1-ICSD-633097.cif,633097.0,3DSC,test,Fe4P12Sm1,,2008,0,1
0,split_cifs_by_csv_label/train/Fe4P12Tb1-ICSD-245293.cif,245293.0,3DSC,test,Fe4P12Tb1,,2008,0,1
0,split_cifs_by_csv_label/train/Fe4P12Yb1-ICSD-156464.cif,156464.0,3DSC,test,Fe4P12Yb1,,2008,0,1
0,split_cifs_by_csv_label/train/As0.2Ba1Fe2P1.8-ICSD-193613-synth_doped.cif,193613.0,3DSC,test,As0.2Ba1Fe2P1.8,,2008,0,1
0,split_cifs_by_csv_label/train/As1.3Ba1Fe1.94Mn0.06P0.7-ICSD-193611-synth_doped.cif,193611.0,3DSC,test,As1.3Ba1Fe1.94Mn0.06P0.7,,2008,0,1
0,split_cifs_by_csv_label/train/As1.5Fe2P0.5Sr1-ICSD-189276-synth_doped.cif,189276.0,3DSC,test,As1.5Fe2P0.5Sr1,,2008,0,1
0,split_cifs_by_csv_label/test/As1.8Fe2P0.2Sr1-ICSD-182330-synth_doped.cif,182330.0,3DSC,test,As1.8Fe2P0.2Sr1,,2008,0,1
0,split_cifs_by_csv_label/train/As1Co0.109Fe0.891Na1-ICSD-163143-synth_doped.cif,163143.0,3DSC,test,As1Co0.109Fe0.891Na1,,2008,0,1
0,split_cifs_by_csv_label/test/As1Co0.1Fe0.9Na1-ICSD-163143-synth_doped.cif,163143.0,3DSC,test,As1Co0.1Fe0.9Na1,,2008,0,1
0,split_cifs_by_csv_label/train/As1Fe0.93Sr2V1.07O3-ICSD-248695-synth_doped.cif,248695.0,3DSC,test,As1Fe0.93Sr2V1.07O3,,2008,0,1
0,split_cifs_by_csv_label/train/As2Ba0.5Fe1.84K0.5Mn0.16-ICSD-189034-synth_doped.cif,189034.0,3DSC,test,As2Ba0.5Fe1.84K0.5Mn0.16,,2008,0,1
0,split_cifs_by_csv_label/train/As2Co0.15Fe1.85Sr1-ICSD-182330-synth_doped.cif,182330.0,3DSC,test,As2Co0.15Fe1.85Sr1,,2008,0,1
0,split_cifs_by_csv_label/train/As2Co0.1Fe1.9Sr1-ICSD-182330-synth_doped.cif,182330.0,3DSC,test,As2Co0.1Fe1.9Sr1,,2008,0,1
0,split_cifs_by_csv_label/train/As2Fe1.7Mn0.3Sr1-ICSD-182330-synth_doped.cif,182330.0,3DSC,test,As2Fe1.7Mn0.3Sr1,,2008,0,1
0,split_cifs_by_csv_label/train/As2Fe1.7Ni0.3Sr1-ICSD-182330-synth_doped.cif,182330.0,3DSC,test,As2Fe1.7Ni0.3Sr1,,2008,0,1
0,split_cifs_by_csv_label/train/As2Fe1.7Ru0.3Sr1-ICSD-182330-synth_doped.cif,182330.0,3DSC,test,As2Fe1.7Ru0.3Sr1,,2008,0,1
0,split_cifs_by_csv_label/train/As2Fe1.8Mn0.2Sr1-ICSD-182330-synth_doped.cif,182330.0,3DSC,test,As2Fe1.8Mn0.2Sr1,,2008,0,1
0,split_cifs_by_csv_label/train/As2Fe1.8Ru0.2Sr1-ICSD-182330-synth_doped.cif,182330.0,3DSC,test,As2Fe1.8Ru0.2Sr1,,2008,0,1
0,split_cifs_by_csv_label/test/As2Fe1.92Ni0.08Sr1-ICSD-182330-synth_doped.cif,182330.0,3DSC,test,As2Fe1.92Ni0.08Sr1,,2008,0,1
0,split_cifs_by_csv_label/train/As2Fe1.9Mn0.1Sr1-ICSD-182330-synth_doped.cif,182330.0,3DSC,test,As2Fe1.9Mn0.1Sr1,,2008,0,1
0,split_cifs_by_csv_label/test/As2Fe1.9Ru0.1Sr1-ICSD-182330-synth_doped.cif,182330.0,3DSC,test,As2Fe1.9Ru0.1Sr1,,2008,0,1
0,split_cifs_by_csv_label/train/B2C1Ce0.25Ni2Y0.75-ICSD-83231-synth_doped.cif,83231.0,3DSC,test,B2C1Ce0.25Ni2Y0.75,,1994,0,1
0,split_cifs_by_csv_label/train/B2C1Ni2Tb0.45Y0.55-ICSD-89147-synth_doped.cif,89147.0,3DSC,test,B2C1Ni2Tb0.45Y0.55,,1994,0,1
0,split_cifs_by_csv_label/train/B2C1Ni2Tb0.5Y0.5-ICSD-89147-synth_doped.cif,89147.0,3DSC,test,B2C1Ni2Tb0.5Y0.5,,1994,0,1
0,split_cifs_by_csv_label/test/Ba0.47Bi0.958K0.53Pr0.042O3-ICSD-40514-synth_doped.cif,40514.0,3DSC,test,Ba0.47Bi0.958K0.53Pr0.042O3,,1988,0,1
0,split_cifs_by_csv_label/test/Ba2Ca0.7Ce0.3Cu2Tl2O8-ICSD-78593-synth_doped.cif,78593.0,3DSC,test,Ba2Ca0.7Ce0.3Cu2Tl2O8,,1988,0,1
0,split_cifs_by_csv_label/train/Ba2Cu0.97Hg1Zn0.03O4.032-ICSD-291054-synth_doped.cif,291054.0,3DSC,test,Ba2Cu0.97Hg1Zn0.03O4.032,,1993,0,1
0,split_cifs_by_csv_label/train/Ba2Cu1Hg1O4.14-ICSD-291054-synth_doped.cif,291054.0,3DSC,test,Ba2Cu1Hg1O4.14,,1993,0,1
0,split_cifs_by_csv_label/train/Ba2Cu1Hg1O4.32-ICSD-291054-synth_doped.cif,291054.0,3DSC,test,Ba2Cu1Hg1O4.32,,1993,0,1
0,split_cifs_by_csv_label/train/Ba2Cu1Tl2O6.164-ICSD-202722-synth_doped.cif,202722.0,3DSC,test,Ba2Cu1Tl2O6.164,,1988,0,1
0,split_cifs_by_csv_label/train/Ba2Cu1Tl2O6.23-ICSD-202722-synth_doped.cif,202722.0,3DSC,test,Ba2Cu1Tl2O6.23,,1988,0,1
0,split_cifs_by_csv_label/train/Bi1Ce1F0.25S2O0.75-ICSD-264386-synth_doped.cif,264386.0,3DSC,test,Bi1Ce1F0.25S2O0.75,,2012,0,1
0,split_cifs_by_csv_label/train/Bi1Pr1S2O1-ICSD-264385.cif,264385.0,3DSC,test,Bi1Pr1S2O1,,2012,0,1
0,split_cifs_by_csv_label/train/Ca0.7Cu2Pb0.5Sr2Tl0.5Y0.3O7-ICSD-74167-synth_doped.cif,74167.0,3DSC,test,Ca0.7Cu2Pb0.5Sr2Tl0.5Y0.3O7,,1988,0,1
0,split_cifs_by_csv_label/train/Fe0.95Ni0.05Se0.3Te0.7-ICSD-165946-synth_doped.cif,165946.0,3DSC,test,Fe0.95Ni0.05Se0.3Te0.7,,2008,0,1
0,split_cifs_by_csv_label/train/Fe0.97Ni0.03Se0.3Te0.7-ICSD-165946-synth_doped.cif,165946.0,3DSC,test,Fe0.97Ni0.03Se0.3Te0.7,,2008,0,1
0,split_cifs_by_csv_label/train/Fe1.3Se2Tl1-ICSD-192843-synth_doped.cif,192843.0,3DSC,test,Fe1.3Se2Tl1,,2008,0,1
0,split_cifs_by_csv_label/train/Fe1P1-ICSD-62607.cif,62607.0,3DSC,test,Fe1P1,,2008,0,1
0,split_cifs_by_csv_label/train/Fe1Se0.025Te0.975-ICSD-165954-synth_doped.cif,165954.0,3DSC,test,Fe1Se0.025Te0.975,,2008,0,1
0,split_cifs_by_csv_label/train/Fe1Se0.02Te0.98-ICSD-165954-synth_doped.cif,165954.0,3DSC,test,Fe1Se0.02Te0.98,,2008,0,1
0,split_cifs_by_csv_label/train/Ru0.8Sr2Ti0.2O4-ICSD-94193-synth_doped.cif,94193.0,3DSC,test,Ru0.8Sr2Ti0.2O4,,1994,0,1
0,split_cifs_by_csv_label/train/Ru0.995Sr2Ti0.005O4-ICSD-94193-synth_doped.cif,94193.0,3DSC,test,Ru0.995Sr2Ti0.005O4,,1994,0,1
0,split_cifs_by_csv_label/train/Ru0.9Sr2Ti0.1O4-ICSD-94193-synth_doped.cif,94193.0,3DSC,test,Ru0.9Sr2Ti0.1O4,,1994,0,1
