label,cif,icsd_collection_code,source,train_test_label,formula,Tc,year,actual_Tc,predicted_Tc,relative_error
1,split_cifs_by_csv_label/test/As0.74Ba1Fe2P1.26-ICSD-193612-synth_doped.cif,193612.0,3DSC,test,As0.74Ba1Fe2P1.26,7.73,2008,7.73,2.5925343,0.6646139322554773
1,split_cifs_by_csv_label/train/As0.7F0.05Fe1La1P0.3O0.95-ICSD-184646-synth_doped.cif,184646.0,3DSC,test,As0.7F0.05Fe1La1P0.3O0.95,15.75,2008,15.75,7.1982274,0.5429696885366289
1,split_cifs_by_csv_label/train/As0.88Ba1Fe2P1.12-ICSD-193612-synth_doped.cif,193612.0,3DSC,test,As0.88Ba1Fe2P1.12,13.9,2008,13.9,2.4190867,0.8259649859915534
1,split_cifs_by_csv_label/train/As0.8F0.1Fe1Nd1P0.2O0.9-ICSD-163548-synth_doped.cif,163548.0,3DSC,test,As0.8F0.1Fe1Nd1P0.2O0.9,34.1,2008,34.1,4.8173122,0.8587298463166984
1,split_cifs_by_csv_label/train/As0.8F0.1Fe1P0.2Pr1O0.9-ICSD-162831-synth_doped.cif,162831.0,3DSC,test,As0.8F0.1Fe1P0.2Pr1O0.9,29.2,2008,29.2,4.421666,0.8485730772149073
1,split_cifs_by_csv_label/train/As0.95F0.12Fe1P0.05Sm1O0.88-ICSD-162157-synth_doped.cif,162157.0,3DSC,test,As0.95F0.12Fe1P0.05Sm1O0.88,46.8,2008,46.8,4.6040297,0.9016232979603302
1,split_cifs_by_csv_label/train/As0.9F0.12Fe1P0.1Sm1O0.88-ICSD-162157-synth_doped.cif,162157.0,3DSC,test,As0.9F0.12Fe1P0.1Sm1O0.88,36.35,2008,36.35,4.593939,0.873619289476901
1,split_cifs_by_csv_label/train/As18Ca10Fe8.2Pt5.8-ICSD-186445.cif,186445.0,3DSC,test,As18Ca10Fe8.2Pt5.8,33.65,2008,33.65,3.830999,0.8861515929404906
1,split_cifs_by_csv_label/train/As18Ca10Fe9.2Pt4.8-ICSD-186445-synth_doped.cif,186445.0,3DSC,test,As18Ca10Fe9.2Pt4.8,13.7,2008,13.7,4.126738,0.6987782429604634
1,split_cifs_by_csv_label/test/As18Ca10Fe9Pt5-ICSD-186445-synth_doped.cif,186445.0,3DSC,test,As18Ca10Fe9Pt5,9.78,2008,9.78,4.1371408,0.5769794733246411
1,split_cifs_by_csv_label/test/As1Co0.05F0.11Fe0.95Nd1O0.89-ICSD-163548-synth_doped.cif,163548.0,3DSC,test,As1Co0.05F0.11Fe0.95Nd1O0.89,30.1,2008,30.1,5.3881073,0.8209931129632995
1,split_cifs_by_csv_label/train/As1F0.06La1Ni1O0.94-ICSD-246061-synth_doped.cif,246061.0,3DSC,test,As1F0.06La1Ni1O0.94,3.64,2008,3.64,8.7602215,1.4066542531107806
1,split_cifs_by_csv_label/train/As1F0.11Fe0.85Nd1Ru0.15O0.89-ICSD-163548-synth_doped.cif,163548.0,3DSC,test,As1F0.11Fe0.85Nd1Ru0.15O0.89,34.0,2008,34.0,5.4583607,0.8394599802353803
1,split_cifs_by_csv_label/train/As1F0.11Fe0.8Nd1Ru0.2O0.89-ICSD-163548-synth_doped.cif,163548.0,3DSC,test,As1F0.11Fe0.8Nd1Ru0.2O0.89,22.1,2008,22.1,4.971775,0.7750328029442697
1,split_cifs_by_csv_label/train/As1F0.11Fe0.965Mn0.035Sm1O0.89-ICSD-162157-synth_doped.cif,162157.0,3DSC,test,As1F0.11Fe0.965Mn0.035Sm1O0.89,31.3,2008,31.3,4.007255,0.8719726812344389
1,split_cifs_by_csv_label/test/As1F0.11Fe0.9Nd1Ru0.1O0.89-ICSD-163548-synth_doped.cif,163548.0,3DSC,test,As1F0.11Fe0.9Nd1Ru0.1O0.89,38.7,2008,38.7,5.403731,0.8603687113877723
1,split_cifs_by_csv_label/train/As1F0.12Fe0.94Mn0.06Sm1O0.88-ICSD-162157-synth_doped.cif,162157.0,3DSC,test,As1F0.12Fe0.94Mn0.06Sm1O0.88,16.0,2008,16.0,4.005901,0.7496311962604523
1,split_cifs_by_csv_label/train/As1F0.12La1Ni1O0.88-ICSD-246061-synth_doped.cif,246061.0,3DSC,test,As1F0.12La1Ni1O0.88,3.59,2008,3.59,8.754005,1.438441624548442
1,split_cifs_by_csv_label/train/As1F0.15Fe0.9Ru0.1Sm1O0.85-ICSD-162157-synth_doped.cif,162157.0,3DSC,test,As1F0.15Fe0.9Ru0.1Sm1O0.85,21.7,2008,21.7,4.561851,0.7897764504779868
1,split_cifs_by_csv_label/train/As1F0.15Fe1La0.5Y0.5O0.85-ICSD-167339-synth_doped.cif,167339.0,3DSC,test,As1F0.15Fe1La0.5Y0.5O0.85,40.2,2008,40.2,4.7198234,0.8825914586954449
1,split_cifs_by_csv_label/train/As1F0.1Fe1Tb1O0.9-ICSD-422004-synth_doped.cif,422004.0,3DSC,test,As1F0.1Fe1Tb1O0.9,50.5,2008,50.5,3.4642484,0.9314010214097428
1,split_cifs_by_csv_label/test/As1F0.1La1Ni1O0.9-ICSD-246061-synth_doped.cif,246061.0,3DSC,test,As1F0.1La1Ni1O0.9,3.9,2008,3.9,8.760939,1.246394524207482
1,split_cifs_by_csv_label/test/As1Fe1La0.9Y0.1O0.6-ICSD-162434-synth_doped.cif,162434.0,3DSC,test,As1Fe1La0.9Y0.1O0.6,25.6,2008,25.6,7.1281047,0.7215584106743336
1,split_cifs_by_csv_label/train/As1Fe1La1O0.6-ICSD-162434-synth_doped.cif,162434.0,3DSC,test,As1Fe1La1O0.6,24.4,2008,24.4,6.9488454,0.7152112546514292
1,split_cifs_by_csv_label/train/As1Fe1Li1.1-ICSD-42331.cif,42331.0,3DSC,test,As1Fe1Li1.1,20.0,2008,20.0,6.3060365,0.6846981763839721
1,split_cifs_by_csv_label/train/As1Fe1Pr1O0.6-ICSD-162832-synth_doped.cif,162832.0,3DSC,test,As1Fe1Pr1O0.6,44.0,2008,44.0,4.7269616,0.892569054256786
1,split_cifs_by_csv_label/train/As1Fe1Tb0.8Th0.2O1-ICSD-422004-synth_doped.cif,422004.0,3DSC,test,As1Fe1Tb0.8Th0.2O1,52.0,2008,52.0,6.594313,0.873186285679157
1,split_cifs_by_csv_label/train/As1Fe1Tb0.9Th0.1O1-ICSD-422004-synth_doped.cif,422004.0,3DSC,test,As1Fe1Tb0.9Th0.1O1,45.0,2008,45.0,6.928424,0.8460350248548719
1,split_cifs_by_csv_label/train/As1Fe1Tb1O0.75-ICSD-422004-synth_doped.cif,422004.0,3DSC,test,As1Fe1Tb1O0.75,34.8,2008,34.8,6.275554,0.819667983329159
1,split_cifs_by_csv_label/train/As1Fe1Tb1O0.8-ICSD-422004-synth_doped.cif,422004.0,3DSC,test,As1Fe1Tb1O0.8,33.85,2008,33.85,6.4849873,0.8084198741828321
1,split_cifs_by_csv_label/test/As1Fe1Tb1O0.82-ICSD-422004-synth_doped.cif,422004.0,3DSC,test,As1Fe1Tb1O0.82,43.8,2008,43.8,6.4846044,0.8519496721764134
1,split_cifs_by_csv_label/train/As1Fe1Tb1O0.85-ICSD-422004-synth_doped.cif,422004.0,3DSC,test,As1Fe1Tb1O0.85,44.4,2008,44.4,6.428554,0.8552127464397533
1,split_cifs_by_csv_label/test/As1Fe1Tb1O0.9-ICSD-422004-synth_doped.cif,422004.0,3DSC,test,As1Fe1Tb1O0.9,22.8,2008,22.8,6.4376845,0.7176454150885867
1,split_cifs_by_csv_label/train/As1La0.8Ni1Sr0.2O1-ICSD-246061-synth_doped.cif,246061.0,3DSC,test,As1La0.8Ni1Sr0.2O1,3.5,2008,3.5,10.030919,1.865976878574916
1,split_cifs_by_csv_label/train/As1La0.9Ni1Sr0.1O1-ICSD-246061-synth_doped.cif,246061.0,3DSC,test,As1La0.9Ni1Sr0.1O1,3.7,2008,3.7,10.305438,1.7852535247802732
1,split_cifs_by_csv_label/test/As1La1Ni1O1-ICSD-246061.cif,246061.0,3DSC,test,As1La1Ni1O1,2.71,2008,2.71,8.50015,2.136586615080323
1,split_cifs_by_csv_label/train/As2Ba0.5Co0.3Fe1.7K0.5-ICSD-189035-synth_doped.cif,189035.0,3DSC,test,As2Ba0.5Co0.3Fe1.7K0.5,13.56,2008,13.56,1.8329523,0.8648265294269123
1,split_cifs_by_csv_label/test/As2Ba0.5Fe1.7K0.5Ni0.3-ICSD-189035-synth_doped.cif,189035.0,3DSC,test,As2Ba0.5Fe1.7K0.5Ni0.3,5.1,2008,5.1,1.8046331,0.646150364595301
1,split_cifs_by_csv_label/train/As2Ba0.5Fe1.7K0.5Zn0.3-ICSD-189035-synth_doped.cif,189035.0,3DSC,test,As2Ba0.5Fe1.7K0.5Zn0.3,7.86,2008,7.86,1.8618113,0.763128335845986
1,split_cifs_by_csv_label/train/As2Ba0.65Fe2Rb0.35-ICSD-427163-synth_doped.cif,427163.0,3DSC,test,As2Ba0.65Fe2Rb0.35,35.8,2008,35.8,2.3634741,0.9339811695354612
1,split_cifs_by_csv_label/train/As2Ba0.6Fe2Rb0.4-ICSD-427163-synth_doped.cif,427163.0,3DSC,test,As2Ba0.6Fe2Rb0.4,34.0,2008,34.0,2.4962413,0.9265811373205746
1,split_cifs_by_csv_label/train/As2Ba0.7Co0.34Fe1.66K0.3-ICSD-262853-synth_doped.cif,262853.0,3DSC,test,As2Ba0.7Co0.34Fe1.66K0.3,12.0,2008,12.0,1.9531386,0.8372384508450826
1,split_cifs_by_csv_label/train/As2Ba0.82Co0.346Fe1.654K0.18-ICSD-262853-synth_doped.cif,262853.0,3DSC,test,As2Ba0.82Co0.346Fe1.654K0.18,11.0,2008,11.0,2.910274,0.7354296337474476
1,split_cifs_by_csv_label/train/As2Ba0.84Fe2Rb0.1Sn0.09-ICSD-163842-synth_doped.cif,163842.0,3DSC,test,As2Ba0.84Fe2Rb0.1Sn0.09,22.6,2008,22.6,4.839483,0.7858635936163169
1,split_cifs_by_csv_label/train/As2Ba0.86Co0.32Fe1.68K0.14-ICSD-262853-synth_doped.cif,262853.0,3DSC,test,As2Ba0.86Co0.32Fe1.68K0.14,11.0,2008,11.0,2.4256406,0.7794872197237882
1,split_cifs_by_csv_label/train/As2Ba0.95Co0.212Fe1.782K0.05-ICSD-262853-synth_doped.cif,262853.0,3DSC,test,As2Ba0.95Co0.212Fe1.782K0.05,16.0,2008,16.0,3.1546302,0.802835613489151
1,split_cifs_by_csv_label/train/As2Ba1Fe1.125Ru0.875-ICSD-169556-synth_doped.cif,169556.0,3DSC,test,As2Ba1Fe1.125Ru0.875,22.5,2008,22.5,1.8981352,0.91563843621148
1,split_cifs_by_csv_label/train/As2Ba1Fe1.24Ru0.76-ICSD-169556.cif,169556.0,3DSC,test,As2Ba1Fe1.24Ru0.76,7.1,2008,7.1,2.043699,0.712155066745382
1,split_cifs_by_csv_label/train/As2Ba1Fe1.25Ru0.75-ICSD-169556-synth_doped.cif,169556.0,3DSC,test,As2Ba1Fe1.25Ru0.75,21.0,2008,21.0,2.043699,0.902680998756772
1,split_cifs_by_csv_label/test/As2Ba1Fe1.28Ru0.72-ICSD-169556-synth_doped.cif,169556.0,3DSC,test,As2Ba1Fe1.28Ru0.72,8.95,2008,8.95,2.032067,0.7729534010647395
1,split_cifs_by_csv_label/train/As2Ba1Fe1.2Ru0.8-ICSD-169556-synth_doped.cif,169556.0,3DSC,test,As2Ba1Fe1.2Ru0.8,5.02,2008,5.02,2.047712,0.5920892255714689
1,split_cifs_by_csv_label/train/As2Ba1Fe1.32Ru0.68-ICSD-169556-synth_doped.cif,169556.0,3DSC,test,As2Ba1Fe1.32Ru0.68,14.5,2008,14.5,2.022784,0.860497655539677
1,split_cifs_by_csv_label/train/As2Ba1Fe1.3Ru0.7-ICSD-169556-synth_doped.cif,169556.0,3DSC,test,As2Ba1Fe1.3Ru0.7,19.7,2008,19.7,2.0245316,0.8972318983320052
1,split_cifs_by_csv_label/train/As2Ba1Fe1.42Ru0.58-ICSD-169556-synth_doped.cif,169556.0,3DSC,test,As2Ba1Fe1.42Ru0.58,15.6,2008,15.6,2.2399683,0.8564122884701459
1,split_cifs_by_csv_label/train/As2Ba1Fe1.44Ru0.56-ICSD-169556-synth_doped.cif,169556.0,3DSC,test,As2Ba1Fe1.44Ru0.56,15.0,2008,15.0,1.9964733,0.8669017791748047
1,split_cifs_by_csv_label/train/As2Ba1Fe1.48Ru0.52-ICSD-169556-synth_doped.cif,169556.0,3DSC,test,As2Ba1Fe1.48Ru0.52,20.05,2008,20.05,2.2916245,0.8857045114189015
1,split_cifs_by_csv_label/train/As2Ca0.32Fe2Na0.68-ICSD-291424-synth_doped.cif,291424.0,3DSC,test,As2Ca0.32Fe2Na0.68,33.0,2008,33.0,3.0842657,0.9065374027598988
1,split_cifs_by_csv_label/test/As2Ca0.33Fe2Na0.66-ICSD-291424-synth_doped.cif,291424.0,3DSC,test,As2Ca0.33Fe2Na0.66,33.0,2008,33.0,3.0630698,0.9071797024119984
1,split_cifs_by_csv_label/train/As2Ca0.34Fe2Na0.66-ICSD-291424-synth_doped.cif,291424.0,3DSC,test,As2Ca0.34Fe2Na0.66,34.0,2008,34.0,3.0155501,0.9113073489245248
1,split_cifs_by_csv_label/train/As2Ca0.4Fe2Na0.6-ICSD-291424-synth_doped.cif,291424.0,3DSC,test,As2Ca0.4Fe2Na0.6,25.0,2008,25.0,2.966772,0.8813291168212891
1,split_cifs_by_csv_label/train/As2Ca0.5Fe2Na0.5-ICSD-291424-synth_doped.cif,291424.0,3DSC,test,As2Ca0.5Fe2Na0.5,19.8,2008,19.8,2.7025752,0.863506302689061
1,split_cifs_by_csv_label/train/As2Ca0.64Fe2Na0.36-ICSD-291424-synth_doped.cif,291424.0,3DSC,test,As2Ca0.64Fe2Na0.36,17.0,2008,17.0,2.6857407,0.8420152523938347
1,split_cifs_by_csv_label/train/As2Ca0.67Fe2Sr0.33-ICSD-182331.cif,182331.0,3DSC,test,As2Ca0.67Fe2Sr0.33,22.0,2008,22.0,2.9053164,0.8679401657798074
1,split_cifs_by_csv_label/train/As2Ca0.6Fe2Na0.4-ICSD-291424.cif,291424.0,3DSC,test,As2Ca0.6Fe2Na0.4,21.0,2008,21.0,2.6785724,0.8724489325568789
1,split_cifs_by_csv_label/train/As2Co0.1Fe1.9Mg1Sr4Ti1O6-ICSD-180104-synth_doped.cif,180104.0,3DSC,test,As2Co0.1Fe1.9Mg1Sr4Ti1O6,24.1,2008,24.1,5.9889994,0.7514938022091181
1,split_cifs_by_csv_label/train/As2Co0.2Fe1.8Mg1Sr4Ti1O6-ICSD-180104-synth_doped.cif,180104.0,3DSC,test,As2Co0.2Fe1.8Mg1Sr4Ti1O6,24.0,2008,24.0,5.6352444,0.7651981512705485
1,split_cifs_by_csv_label/test/As2Co0.3Fe1.7Mg1Sr4Ti1O6-ICSD-180104-synth_doped.cif,180104.0,3DSC,test,As2Co0.3Fe1.7Mg1Sr4Ti1O6,16.0,2008,16.0,5.670027,0.6456233263015747
1,split_cifs_by_csv_label/train/As2Cs1Fe2-ICSD-74877.cif,74877.0,3DSC,test,As2Cs1Fe2,2.08,2008,2.08,3.3637917,0.6172075500855079
1,split_cifs_by_csv_label/train/As2Fe2K0.7Sr0.3-ICSD-189036-synth_doped.cif,189036.0,3DSC,test,As2Fe2K0.7Sr0.3,12.2,2008,12.2,2.1293237,0.825465268776065
1,split_cifs_by_csv_label/train/As2Fe2Mg0.8Sr4Ti1.2O6-ICSD-180104-synth_doped.cif,180104.0,3DSC,test,As2Fe2Mg0.8Sr4Ti1.2O6,26.0,2008,26.0,3.8407655,0.8522782509143536
1,split_cifs_by_csv_label/train/As2Fe2Mg0.9Sr4Ti1.1O6-ICSD-180104-synth_doped.cif,180104.0,3DSC,test,As2Fe2Mg0.9Sr4Ti1.1O6,23.5,2008,23.5,3.6854343,0.8431730067476313
1,split_cifs_by_csv_label/test/As2Fe2Rb1-ICSD-242164.cif,242164.0,3DSC,test,As2Fe2Rb1,1.983333333,2008,1.983333333,0.85996646,0.5664034670413588
1,split_cifs_by_csv_label/train/As4Ba2Fe2Ti2O1-ICSD-263018.cif,263018.0,3DSC,test,As4Ba2Fe2Ti2O1,20.125,2008,20.125,4.8703275,0.7579961504255023
1,split_cifs_by_csv_label/train/As4Ca1Fe4Rb1-ICSD-252344.cif,252344.0,3DSC,test,As4Ca1Fe4Rb1,35.0,2008,35.0,12.517615,0.6423538480486188
1,split_cifs_by_csv_label/train/B0.8C1.2Lu1Ni1-ICSD-75610-synth_doped.cif,75610.0,3DSC,test,B0.8C1.2Lu1Ni1,3.2,1994,3.2,7.8837295,1.4636654555797577
1,split_cifs_by_csv_label/train/B0.8C1Lu1Ni1-ICSD-75610-synth_doped.cif,75610.0,3DSC,test,B0.8C1Lu1Ni1,2.6,1994,2.6,7.9053855,2.040532882396992
1,split_cifs_by_csv_label/train/B0.95C0.95Lu1Ni1-ICSD-75610-synth_doped.cif,75610.0,3DSC,test,B0.95C0.95Lu1Ni1,2.5,1994,2.5,6.364739,1.5458955764770508
1,split_cifs_by_csv_label/test/B0.9C1.1Lu1Ni1-ICSD-75610-synth_doped.cif,75610.0,3DSC,test,B0.9C1.1Lu1Ni1,2.9,1994,2.9,7.946406,1.7401399612426758
1,split_cifs_by_csv_label/train/B0.9C1Lu1Ni1-ICSD-75610-synth_doped.cif,75610.0,3DSC,test,B0.9C1Lu1Ni1,2.6,1994,2.6,7.9314637,2.0505629686208877
1,split_cifs_by_csv_label/train/B1.1C0.9Lu1Ni1-ICSD-75610-synth_doped.cif,75610.0,3DSC,test,B1.1C0.9Lu1Ni1,2.4,1994,2.4,6.6282153,1.761756380399068
1,split_cifs_by_csv_label/test/B1C0.85Lu1Ni1-ICSD-75610-synth_doped.cif,75610.0,3DSC,test,B1C0.85Lu1Ni1,2.4,1994,2.4,6.3785825,1.6577426989873252
1,split_cifs_by_csv_label/train/B1C1Cu0.1Lu1Ni0.9-ICSD-75610-synth_doped.cif,75610.0,3DSC,test,B1C1Cu0.1Lu1Ni0.9,3.3,1994,3.3,5.514634,0.6711012522379558
1,split_cifs_by_csv_label/train/B1C1Cu0.2Lu1Ni0.8-ICSD-75610-synth_doped.cif,75610.0,3DSC,test,B1C1Cu0.2Lu1Ni0.8,3.38,1994,3.38,5.381525,0.5921671715008437
1,split_cifs_by_csv_label/test/B1C1Lu1Ni0.8V0.2-ICSD-75610-synth_doped.cif,75610.0,3DSC,test,B1C1Lu1Ni0.8V0.2,2.6,1994,2.6,5.6102405,1.15778479209313
1,split_cifs_by_csv_label/train/B1C1Lu1Ni0.9V0.1-ICSD-75610-synth_doped.cif,75610.0,3DSC,test,B1C1Lu1Ni0.9V0.1,2.94,1994,2.94,5.782599,0.9668703987484888
1,split_cifs_by_csv_label/train/B1C1Lu1Ni1-ICSD-75610.cif,75610.0,3DSC,test,B1C1Lu1Ni1,2.786666667,1994,2.786666667,6.7060523,1.4064780989875776
1,split_cifs_by_csv_label/train/B2C1Ce1Ni2-ICSD-56645.cif,56645.0,3DSC,test,B2C1Ce1Ni2,0.05,1994,0.05,5.8859944,116.7198886871338
1,split_cifs_by_csv_label/train/B2C1Er1Fe0.1Ni1.9-ICSD-246431-synth_doped.cif,246431.0,3DSC,test,B2C1Er1Fe0.1Ni1.9,2.155,1994,2.155,6.12998,1.8445383235639323
1,split_cifs_by_csv_label/test/B2C1Fe0.16Ni1.84Tm1-ICSD-164574-synth_doped.cif,164574.0,3DSC,test,B2C1Fe0.16Ni1.84Tm1,3.99,1994,3.99,6.326518,0.5855934984403146
1,split_cifs_by_csv_label/train/B2C1La0.02Lu0.98Ni2-ICSD-75609-synth_doped.cif,75609.0,3DSC,test,B2C1La0.02Lu0.98Ni2,16.2,1994,16.2,7.1035023,0.561512205335829
1,split_cifs_by_csv_label/train/B2C1La0.05Lu0.95Ni2-ICSD-75609-synth_doped.cif,75609.0,3DSC,test,B2C1La0.05Lu0.95Ni2,15.3,1994,15.3,7.229291,0.5274973227307688
1,split_cifs_by_csv_label/train/B2C1La0.06Lu0.94Ni2-ICSD-75609-synth_doped.cif,75609.0,3DSC,test,B2C1La0.06Lu0.94Ni2,15.1,1994,15.1,7.2286634,0.5212805665881428
1,split_cifs_by_csv_label/test/B2C1Lu1Ni2-ICSD-75609.cif,75609.0,3DSC,test,B2C1Lu1Ni2,15.88066667,1994,15.88066667,7.069495,0.5548363712925385
1,split_cifs_by_csv_label/train/Ba0.6Bi0.5K0.4Pb0.5O3-ICSD-291324-synth_doped.cif,291324.0,3DSC,test,Ba0.6Bi0.5K0.4Pb0.5O3,7.2,1988,7.2,26.071306,2.621014753977457
1,split_cifs_by_csv_label/train/Ba0.6Bi0.6K0.4Pb0.4O3-ICSD-291324-synth_doped.cif,291324.0,3DSC,test,Ba0.6Bi0.6K0.4Pb0.4O3,9.2,1988,9.2,28.846527,2.135492076044497
1,split_cifs_by_csv_label/test/Ba0.6Cu1La1Sr0.4Tl1O5.16-ICSD-246695-synth_doped.cif,246695.0,3DSC,test,Ba0.6Cu1La1Sr0.4Tl1O5.16,22.0,1988,22.0,40.90181,0.8591731678355824
1,split_cifs_by_csv_label/train/Ba0.7Bi0.7K0.3Pb0.3O3-ICSD-291324-synth_doped.cif,291324.0,3DSC,test,Ba0.7Bi0.7K0.3Pb0.3O3,14.6,1988,14.6,29.021328,0.9877621898912404
1,split_cifs_by_csv_label/train/Ba1Cu1Hg0.76Tl0.76O4.5-ICSD-87039-synth_doped.cif,87039.0,3DSC,test,Ba1Cu1Hg0.76Tl0.76O4.5,87.5,1993,87.5,19.055092,0.782227521623884
1,split_cifs_by_csv_label/test/Ba2Ca2Cu3Hg0.7Pb0.3O8.35-ICSD-80721-synth_doped.cif,80721.0,3DSC,test,Ba2Ca2Cu3Hg0.7Pb0.3O8.35,130.0,1993,130.0,52.243126,0.5981298006497897
1,split_cifs_by_csv_label/test/Ba2Ca2Cu3Hg0.8Nd0.2O8.3-ICSD-80721-synth_doped.cif,80721.0,3DSC,test,Ba2Ca2Cu3Hg0.8Nd0.2O8.3,128.0,1993,128.0,49.924313,0.6099663078784943
1,split_cifs_by_csv_label/test/Ba2Ca2Cu3Hg0.9Pb0.1O8.25-ICSD-80721-synth_doped.cif,80721.0,3DSC,test,Ba2Ca2Cu3Hg0.9Pb0.1O8.25,118.0,1993,118.0,52.0773,0.5586669404627913
1,split_cifs_by_csv_label/test/Ba2Ca2Cu3Hg1O8.2-ICSD-80721-synth_doped.cif,80721.0,3DSC,test,Ba2Ca2Cu3Hg1O8.2,104.5,1993,104.5,50.38467,0.517850045382121
1,split_cifs_by_csv_label/test/Bi0.99F0.3Nd1Pb0.01S2O0.7-ICSD-192214-synth_doped.cif,192214.0,3DSC,test,Bi0.99F0.3Nd1Pb0.01S2O0.7,4.85,2012,4.85,-0.8418539,1.1735781271433092
1,split_cifs_by_csv_label/test/Bi1.1K0.9O3-ICSD-50726-synth_doped.cif,50726.0,3DSC,test,Bi1.1K0.9O3,8.35,1988,8.35,31.431417,2.764241612599996
1,split_cifs_by_csv_label/test/Bi1.2K0.8O3-ICSD-50726-synth_doped.cif,50726.0,3DSC,test,Bi1.2K0.8O3,9.45,1988,9.45,20.450026,1.164023868621342
1,split_cifs_by_csv_label/test/Bi1.6Ca2Cu3Pb0.4Sr2O10-ICSD-66051.cif,66051.0,3DSC,test,Bi1.6Ca2Cu3Pb0.4Sr2O10,108.0,1988,108.0,40.294712,0.6269008141976816
1,split_cifs_by_csv_label/test/Bi1.95Cu1La0.4Sr1.65O6.414-ICSD-79061-synth_doped.cif,79061.0,3DSC,test,Bi1.95Cu1La0.4Sr1.65O6.414,10.4,1988,10.4,30.025372,1.8870549568763144
1,split_cifs_by_csv_label/test/Bi1F0.3Nd1S2O0.7-ICSD-192214.cif,192214.0,3DSC,test,Bi1F0.3Nd1S2O0.7,4.375,2012,4.375,1.722913,0.6061913081577845
1,split_cifs_by_csv_label/test/Bi1F0.6Nd1S2O0.4-ICSD-192214-synth_doped.cif,192214.0,3DSC,test,Bi1F0.6Nd1S2O0.4,4.35,2012,4.35,6.9389496,0.5951608241289513
1,split_cifs_by_csv_label/test/Bi2Eu3F4S4-ICSD-230026.cif,230026.0,3DSC,test,Bi2Eu3F4S4,1.425,2012,1.425,19.856726,12.934544345788789
1,split_cifs_by_csv_label/test/Bi2F0.2S2O0.8-ICSD-196230-synth_doped.cif,196230.0,3DSC,test,Bi2F0.2S2O0.8,3.0,2012,3.0,11.346372,2.782123883565267
1,split_cifs_by_csv_label/test/C8K1-ICSD-70020.cif,70020.0,3DSC,test,C8K1,0.152375,1991,0.152375,19.2273,125.1840895417286
1,split_cifs_by_csv_label/train/As0.15Fe1La1P0.85O1-ICSD-162724-synth_doped.cif,162724.0,3DSC,test,As0.15Fe1La1P0.85O1,11.67,2008,11.67,5.414674,0.536017668788619
1,split_cifs_by_csv_label/train/As0.2Fe1La1P0.8O1-ICSD-162724-synth_doped.cif,162724.0,3DSC,test,As0.2Fe1La1P0.8O1,11.42,2008,11.42,5.4971943,0.5186344754675015
1,split_cifs_by_csv_label/test/As0.72Ba1Fe2P1.28-ICSD-193612-synth_doped.cif,193612.0,3DSC,test,As0.72Ba1Fe2P1.28,8.545,2008,8.545,2.3521183,0.7247374776234189
1,split_cifs_by_csv_label/train/As0.75F0.05Fe1La1P0.25O0.95-ICSD-184646-synth_doped.cif,184646.0,3DSC,test,As0.75F0.05Fe1La1P0.25O0.95,22.38,2008,22.38,7.2989507,0.6738627939164585
1,split_cifs_by_csv_label/train/As0.7Ce1Fe1P0.3O1-ICSD-162817-synth_doped.cif,162817.0,3DSC,test,As0.7Ce1Fe1P0.3O1,4.0,2008,4.0,6.599737,0.6499342918395996
1,split_cifs_by_csv_label/train/As0.85Ce1F0.05Fe1P0.15O0.95-ICSD-162818-synth_doped.cif,162818.0,3DSC,test,As0.85Ce1F0.05Fe1P0.15O0.95,21.75,2008,21.75,6.548581,0.6989158104205954
1,split_cifs_by_csv_label/test/As0.8F0.05Fe1La1P0.2O0.95-ICSD-180442-synth_doped.cif,180442.0,3DSC,test,As0.8F0.05Fe1La1P0.2O0.95,25.61,2008,25.61,7.3064494,0.714703263830552
1,split_cifs_by_csv_label/train/As0.8F0.1Fe1La1P0.2O0.9-ICSD-180442-synth_doped.cif,180442.0,3DSC,test,As0.8F0.1Fe1La1P0.2O0.9,26.0,2008,26.0,7.0934014,0.7271768679985633
1,split_cifs_by_csv_label/test/As0.8Fe1La1P0.2O1-ICSD-163868-synth_doped.cif,163868.0,3DSC,test,As0.8Fe1La1P0.2O1,3.103333333,2008,3.103333333,7.2576637,1.3386671517463575
1,split_cifs_by_csv_label/train/As0.95F0.2Fe1La1Sb0.05O0.8-ICSD-180442-synth_doped.cif,180442.0,3DSC,test,As0.95F0.2Fe1La1Sb0.05O0.8,30.1,2008,30.1,7.546745,0.7492775806160861
1,split_cifs_by_csv_label/test/As0.9Ce1F0.05Fe1P0.1O0.95-ICSD-162818-synth_doped.cif,162818.0,3DSC,test,As0.9Ce1F0.05Fe1P0.1O0.95,19.3,2008,19.3,6.553293,0.6604511280751599
1,split_cifs_by_csv_label/train/As0.9F0.05Fe1La1P0.1O0.95-ICSD-180442-synth_doped.cif,180442.0,3DSC,test,As0.9F0.05Fe1La1P0.1O0.95,23.6,2008,23.6,7.2321963,0.6935510029227047
1,split_cifs_by_csv_label/train/As0.9F0.2Fe1La1Sb0.1O0.8-ICSD-180442-synth_doped.cif,180442.0,3DSC,test,As0.9F0.2Fe1La1Sb0.1O0.8,28.6,2008,28.6,7.615792,0.733713573509163
1,split_cifs_by_csv_label/train/As1.06Ba1Fe2P0.94-ICSD-193611-synth_doped.cif,193611.0,3DSC,test,As1.06Ba1Fe2P0.94,20.8,2008,20.8,2.7434232,0.8681046527165633
1,split_cifs_by_csv_label/test/As1.18Ba1Fe2P0.82-ICSD-193611-synth_doped.cif,193611.0,3DSC,test,As1.18Ba1Fe2P0.82,25.3,2008,25.3,2.6875007,0.8937746752863345
1,split_cifs_by_csv_label/test/As1.22Fe2P0.78Sr1-ICSD-189276-synth_doped.cif,189276.0,3DSC,test,As1.22Fe2P0.78Sr1,27.35,2008,27.35,2.5732672,0.905913447113316
1,split_cifs_by_csv_label/train/As1.28Ba1Fe2P0.72-ICSD-193611-synth_doped.cif,193611.0,3DSC,test,As1.28Ba1Fe2P0.72,22.4,2008,22.4,2.7152545,0.8787832792316165
1,split_cifs_by_csv_label/test/As1.2Fe2P0.8Sr1-ICSD-189276-synth_doped.cif,189276.0,3DSC,test,As1.2Fe2P0.8Sr1,27.0,2008,27.0,2.5732672,0.9046938066129332
1,split_cifs_by_csv_label/train/As1.34Ba1Fe2P0.66-ICSD-193609-synth_doped.cif,193609.0,3DSC,test,As1.34Ba1Fe2P0.66,28.575,2008,28.575,2.7428787,0.9040112449532522
1,split_cifs_by_csv_label/train/As1.36Ba1Fe2P0.64-ICSD-193609-synth_doped.cif,193609.0,3DSC,test,As1.36Ba1Fe2P0.64,29.1,2008,29.1,2.8351266,0.9025729677521486
1,split_cifs_by_csv_label/test/As1.3Ba1Fe1.97Mn0.03P0.7-ICSD-193610-synth_doped.cif,193610.0,3DSC,test,As1.3Ba1Fe1.97Mn0.03P0.7,16.0,2008,16.0,3.191758,0.8005151301622391
1,split_cifs_by_csv_label/train/As1.3Ba1Fe2P0.7-ICSD-193610.cif,193610.0,3DSC,test,As1.3Ba1Fe2P0.7,30.25,2008,30.25,2.7547572,0.9089336474079732
1,split_cifs_by_csv_label/test/As1.3Fe2P0.7Sr1-ICSD-189276.cif,189276.0,3DSC,test,As1.3Fe2P0.7Sr1,28.475,2008,28.475,2.9584413,0.8961039066733343
1,split_cifs_by_csv_label/test/As1.46Ba1Fe2P0.54-ICSD-193608-synth_doped.cif,193608.0,3DSC,test,As1.46Ba1Fe2P0.54,24.5,2008,24.5,2.9048755,0.8814336523717764
1,split_cifs_by_csv_label/test/As1.4Fe2P0.6Sr1-ICSD-189276-synth_doped.cif,189276.0,3DSC,test,As1.4Fe2P0.6Sr1,28.93333333,2008,28.93333333,2.3059833,0.9203001161782344
1,split_cifs_by_csv_label/train/As1.52Ba1Fe2P0.48-ICSD-193607-synth_doped.cif,193607.0,3DSC,test,As1.52Ba1Fe2P0.48,30.1,2008,30.1,2.9050467,0.903486820550456
1,split_cifs_by_csv_label/test/As1.6Ba1Fe2P0.4-ICSD-193607-synth_doped.cif,193607.0,3DSC,test,As1.6Ba1Fe2P0.4,9.758333333,2008,9.758333333,2.6215055,0.7313572503184639
1,split_cifs_by_csv_label/train/As1Ce0.62F0.175Fe1Gd0.38O0.825-ICSD-181535-synth_doped.cif,181535.0,3DSC,test,As1Ce0.62F0.175Fe1Gd0.38O0.825,44.0,2008,44.0,5.9495716,0.8647824634205211
1,split_cifs_by_csv_label/train/As1Ce1F0.08Fe1O0.92-ICSD-162817-synth_doped.cif,162817.0,3DSC,test,As1Ce1F0.08Fe1O0.92,27.6,2008,27.6,5.8663898,0.7874496466871621
1,split_cifs_by_csv_label/test/As1Ce1F0.11Fe1O0.89-ICSD-162818-synth_doped.cif,162818.0,3DSC,test,As1Ce1F0.11Fe1O0.89,47.0,2008,47.0,5.8560376,0.875403454963197
1,split_cifs_by_csv_label/train/As1Ce1F0.12Fe1O0.88-ICSD-162818-synth_doped.cif,162818.0,3DSC,test,As1Ce1F0.12Fe1O0.88,43.5,2008,43.5,5.8436303,0.8656636709454416
1,split_cifs_by_csv_label/train/As1Ce1F0.16Fe1O0.84-ICSD-162818.cif,162818.0,3DSC,test,As1Ce1F0.16Fe1O0.84,40.85,2008,40.85,5.8702865,0.8562965369720645
1,split_cifs_by_csv_label/test/As1Ce1F0.1Fe1O0.9-ICSD-162818-synth_doped.cif,162818.0,3DSC,test,As1Ce1F0.1Fe1O0.9,36.33333333,2008,36.33333333,5.8561387,0.8388218704565724
1,split_cifs_by_csv_label/train/As1Ce1F0.2Fe1O0.8-ICSD-162818-synth_doped.cif,162818.0,3DSC,test,As1Ce1F0.2Fe1O0.8,40.4,2008,40.4,5.8696218,0.8547123328293904
1,split_cifs_by_csv_label/train/As1Ce1F0.3Fe1O0.7-ICSD-162818-synth_doped.cif,162818.0,3DSC,test,As1Ce1F0.3Fe1O0.7,46.0,2008,46.0,5.818401,0.8735130247862443
1,split_cifs_by_csv_label/train/As1Ce1Fe1O0.7-ICSD-162817-synth_doped.cif,162817.0,3DSC,test,As1Ce1Fe1O0.7,40.2,2008,40.2,5.4434657,0.8645904052316846
1,split_cifs_by_csv_label/train/As1Ce1Fe1O0.85-ICSD-162817-synth_doped.cif,162817.0,3DSC,test,As1Ce1Fe1O0.85,42.6,2008,42.6,5.452235,0.8720132577027513
1,split_cifs_by_csv_label/train/As1Co0.005Fe0.995Na1-ICSD-163143-synth_doped.cif,163143.0,3DSC,test,As1Co0.005Fe0.995Na1,9.81,2008,9.81,3.108549,0.6831244527989815
1,split_cifs_by_csv_label/test/As1Co0.019Fe0.981Na1-ICSD-163143-synth_doped.cif,163143.0,3DSC,test,As1Co0.019Fe0.981Na1,19.3,2008,19.3,3.3533688,0.8262503233598304
1,split_cifs_by_csv_label/test/As1Co0.021Fe0.979Na1-ICSD-163143-synth_doped.cif,163143.0,3DSC,test,As1Co0.021Fe0.979Na1,19.4,2008,19.4,3.3533688,0.8271459402497282
1,split_cifs_by_csv_label/train/As1Co0.023Fe0.977Na1-ICSD-163143-synth_doped.cif,163143.0,3DSC,test,As1Co0.023Fe0.977Na1,15.7,2008,15.7,3.3533688,0.7864096331748234
1,split_cifs_by_csv_label/train/As1Co0.025Fe0.975Na1-ICSD-163143-synth_doped.cif,163143.0,3DSC,test,As1Co0.025Fe0.975Na1,21.05,2008,21.05,3.3533688,0.8406950708239775
1,split_cifs_by_csv_label/train/As1Co0.028Fe0.972Na1-ICSD-163143-synth_doped.cif,163143.0,3DSC,test,As1Co0.028Fe0.972Na1,20.1,2008,20.1,3.3533688,0.8331657333753596
1,split_cifs_by_csv_label/train/As1Co0.02F0.11Fe0.98Nd1O0.89-ICSD-163548-synth_doped.cif,163548.0,3DSC,test,As1Co0.02F0.11Fe0.98Nd1O0.89,40.1,2008,40.1,5.374383,0.8659754869646562
1,split_cifs_by_csv_label/train/As1Co0.02Fe0.98Na1-ICSD-163143-synth_doped.cif,163143.0,3DSC,test,As1Co0.02Fe0.98Na1,18.8,2008,18.8,3.3533688,0.821629321321528
1,split_cifs_by_csv_label/train/As1Co0.03Fe0.97Na1-ICSD-163143-synth_doped.cif,163143.0,3DSC,test,As1Co0.03Fe0.97Na1,21.13333333,2008,21.13333333,3.3533688,0.8413232448098961
1,split_cifs_by_csv_label/train/As1Co0.05Fe0.95Na1-ICSD-163143-synth_doped.cif,163143.0,3DSC,test,As1Co0.05Fe0.95Na1,16.3,2008,16.3,3.3958912,0.7916631172039758
1,split_cifs_by_csv_label/test/As1Co0.061Fe0.939Na1-ICSD-163143-synth_doped.cif,163143.0,3DSC,test,As1Co0.061Fe0.939Na1,13.4,2008,13.4,3.3958912,0.74657528436006
1,split_cifs_by_csv_label/train/As1Co0.075Fe0.925Na1-ICSD-163143-synth_doped.cif,163143.0,3DSC,test,As1Co0.075Fe0.925Na1,10.6,2008,10.6,3.4227867,0.6770955931465581
1,split_cifs_by_csv_label/train/As1Co0.075Fe0.925Pr1O1-ICSD-162830-synth_doped.cif,162830.0,3DSC,test,As1Co0.075Fe0.925Pr1O1,15.03333333,2008,15.03333333,5.0927296,0.6612375009128169
1,split_cifs_by_csv_label/train/As1Co0.07Fe0.93Na1-ICSD-163143-synth_doped.cif,163143.0,3DSC,test,As1Co0.07Fe0.93Na1,14.0,2008,14.0,3.4135098,0.7561778681618827
1,split_cifs_by_csv_label/train/As1Co0.08Fe0.92Na1-ICSD-163143-synth_doped.cif,163143.0,3DSC,test,As1Co0.08Fe0.92Na1,7.53,2008,7.53,3.4227867,0.5454466517069742
1,split_cifs_by_csv_label/train/As1Co0.1Fe0.9Pr1O1-ICSD-162830-synth_doped.cif,162830.0,3DSC,test,As1Co0.1Fe0.9Pr1O1,14.9,2008,14.9,5.1067886,0.6572625077010801
1,split_cifs_by_csv_label/train/As1Co0.2Fe0.8Pr1O1-ICSD-162830-synth_doped.cif,162830.0,3DSC,test,As1Co0.2Fe0.8Pr1O1,2.0,2008,2.0,5.412058,1.706028938293457
1,split_cifs_by_csv_label/test/As1F0.06Fe1Nd1O0.94-ICSD-164679-synth_doped.cif,164679.0,3DSC,test,As1F0.06Fe1Nd1O0.94,47.5,2008,47.5,3.5668201,0.924909049586246
1,split_cifs_by_csv_label/train/As1F0.06Fe1Sm1O0.94-ICSD-163457-synth_doped.cif,163457.0,3DSC,test,As1F0.06Fe1Sm1O0.94,36.4,2008,36.4,3.317832,0.9088507694202465
1,split_cifs_by_csv_label/train/As1F0.075Fe1Sm1O0.925-ICSD-163457-synth_doped.cif,163457.0,3DSC,test,As1F0.075Fe1Sm1O0.925,33.0,2008,33.0,3.2811294,0.900571837569728
1,split_cifs_by_csv_label/train/As1F0.07Fe1Sm1O0.93-ICSD-163457-synth_doped.cif,163457.0,3DSC,test,As1F0.07Fe1Sm1O0.93,33.0,2008,33.0,3.317832,0.8994596365726355
1,split_cifs_by_csv_label/train/As1F0.082Fe1Pr1O0.918-ICSD-162831-synth_doped.cif,162831.0,3DSC,test,As1F0.082Fe1Pr1O0.918,14.6,2008,14.6,3.5840335,0.7545182541625141
1,split_cifs_by_csv_label/test/As1F0.085Fe1Sm1O0.915-ICSD-163457-synth_doped.cif,163457.0,3DSC,test,As1F0.085Fe1Sm1O0.915,14.0,2008,14.0,3.281814,0.7655847072601318
1,split_cifs_by_csv_label/train/As1F0.08Fe0.985La1Zn0.015O0.9-ICSD-180442-synth_doped.cif,180442.0,3DSC,test,As1F0.08Fe0.985La1Zn0.015O0.9,0.2,2008,0.2,9.003262,44.01630783081055
1,split_cifs_by_csv_label/train/As1F0.08Fe1La1O0.9-ICSD-180442-synth_doped.cif,180442.0,3DSC,test,As1F0.08Fe1La1O0.9,25.9,2008,25.9,8.317312,0.6788682532586646
1,split_cifs_by_csv_label/train/As1F0.08Fe1Nd1O0.92-ICSD-164679-synth_doped.cif,164679.0,3DSC,test,As1F0.08Fe1Nd1O0.92,35.0,2008,35.0,3.5672464,0.8980786732264927
1,split_cifs_by_csv_label/train/As1F0.09Fe1Sm1O0.91-ICSD-163457-synth_doped.cif,163457.0,3DSC,test,As1F0.09Fe1Sm1O0.91,42.0,2008,42.0,3.295538,0.921534810747419
1,split_cifs_by_csv_label/train/As1F0.11Fe0.7La1Ru0.3O0.89-ICSD-189425-synth_doped.cif,189425.0,3DSC,test,As1F0.11Fe0.7La1Ru0.3O0.89,17.75,2008,17.75,7.891227,0.5554238440285266
1,split_cifs_by_csv_label/train/As1F0.11Fe0.97La1Ru0.03O0.89-ICSD-180442-synth_doped.cif,180442.0,3DSC,test,As1F0.11Fe0.97La1Ru0.03O0.89,25.6,2008,25.6,7.677436,0.7001001611351967
1,split_cifs_by_csv_label/test/As1F0.11Fe0.97Mn0.03Nd1O0.89-ICSD-163548-synth_doped.cif,163548.0,3DSC,test,As1F0.11Fe0.97Mn0.03Nd1O0.89,11.9,2008,11.9,4.3131127,0.6375535516177907
1,split_cifs_by_csv_label/train/As1F0.11Fe0.985La1Ru0.015O0.89-ICSD-180442-synth_doped.cif,180442.0,3DSC,test,As1F0.11Fe0.985La1Ru0.015O0.89,27.5,2008,27.5,7.677206,0.7208288712935014
1,split_cifs_by_csv_label/train/As1F0.11Fe0.98La1Ru0.02O0.89-ICSD-180442-synth_doped.cif,180442.0,3DSC,test,As1F0.11Fe0.98La1Ru0.02O0.89,27.4,2008,27.4,7.677436,0.7198016104036874
1,split_cifs_by_csv_label/test/As1F0.11Fe0.98Mn0.02Nd1O0.89-ICSD-163548-synth_doped.cif,163548.0,3DSC,test,As1F0.11Fe0.98Mn0.02Nd1O0.89,27.1,2008,27.1,4.323523,0.8404604042588125
1,split_cifs_by_csv_label/train/As1F0.11Fe0.98Nd1Ru0.02O0.89-ICSD-163548-synth_doped.cif,163548.0,3DSC,test,As1F0.11Fe0.98Nd1Ru0.02O0.89,46.6,2008,46.6,5.439121,0.8832806701823878
1,split_cifs_by_csv_label/test/As1F0.11Fe0.99Mn0.01Nd1O0.89-ICSD-163548-synth_doped.cif,163548.0,3DSC,test,As1F0.11Fe0.99Mn0.01Nd1O0.89,38.0,2008,38.0,4.321525,0.8862756553449129
1,split_cifs_by_csv_label/test/As1F0.11Fe0.9La1Ru0.1O0.89-ICSD-189423-synth_doped.cif,189423.0,3DSC,test,As1F0.11Fe0.9La1Ru0.1O0.89,23.65,2008,23.65,7.959708,0.6634372848284925
1,split_cifs_by_csv_label/train/As1F0.11Fe1La0.8Y0.2O0.89-ICSD-167337-synth_doped.cif,167337.0,3DSC,test,As1F0.11Fe1La0.8Y0.2O0.89,30.3,2008,30.3,7.91888,0.7386508255508474
1,split_cifs_by_csv_label/train/As1F0.11Fe1Nd1O0.89-ICSD-163548-synth_doped.cif,163548.0,3DSC,test,As1F0.11Fe1Nd1O0.89,49.05,2008,49.05,3.5691462,0.9272345330007944
1,split_cifs_by_csv_label/train/As1F0.11Fe1Pr1O0.89-ICSD-162831-synth_doped.cif,162831.0,3DSC,test,As1F0.11Fe1Pr1O0.89,45.0,2008,45.0,3.5847182,0.9203395949469672
1,split_cifs_by_csv_label/train/As1F0.12Fe0.94Ni0.06Sm1O0.88-ICSD-181443-synth_doped.cif,181443.0,3DSC,test,As1F0.12Fe0.94Ni0.06Sm1O0.88,18.8,2008,18.8,4.201172,0.7765334109042553
1,split_cifs_by_csv_label/train/As1F0.12Fe0.97Mn0.03Sm1O0.88-ICSD-162157-synth_doped.cif,162157.0,3DSC,test,As1F0.12Fe0.97Mn0.03Sm1O0.88,31.3,2008,31.3,4.018309,0.8716195170490887
1,split_cifs_by_csv_label/train/As1F0.12Fe0.97Ni0.03Sm1O0.88-ICSD-181442-synth_doped.cif,181442.0,3DSC,test,As1F0.12Fe0.97Ni0.03Sm1O0.88,34.5,2008,34.5,4.1985693,0.8783023391944774
1,split_cifs_by_csv_label/train/As1F0.12Fe0.99Mn0.01Sm1O0.88-ICSD-162157-synth_doped.cif,162157.0,3DSC,test,As1F0.12Fe0.99Mn0.01Sm1O0.88,37.2,2008,37.2,4.018309,0.8919809377321634
1,split_cifs_by_csv_label/train/As1F0.12Fe0.99Ni0.01Sm1O0.88-ICSD-181442-synth_doped.cif,181442.0,3DSC,test,As1F0.12Fe0.99Ni0.01Sm1O0.88,45.7,2008,45.7,4.19884,0.908121659927869
1,split_cifs_by_csv_label/test/As1F0.12Fe1Nd1O0.88-ICSD-163548-synth_doped.cif,163548.0,3DSC,test,As1F0.12Fe1Nd1O0.88,50.0,2008,50.0,3.569831,0.9286033821105956
1,split_cifs_by_csv_label/train/As1F0.13Fe1Sm1O0.87-ICSD-163457-synth_doped.cif,163457.0,3DSC,test,As1F0.13Fe1Sm1O0.87,24.7,2008,24.7,3.295538,0.8665774109875142
1,split_cifs_by_csv_label/train/As1F0.14Fe1Sm1O0.86-ICSD-163457-synth_doped.cif,163457.0,3DSC,test,As1F0.14Fe1Sm1O0.86,26.9,2008,26.9,3.295538,0.8774892955907658
1,split_cifs_by_csv_label/train/As1F0.154Fe1Pr1O0.846-ICSD-162831-synth_doped.cif,162831.0,3DSC,test,As1F0.154Fe1Pr1O0.846,46.4,2008,46.4,3.5973868,0.9224701112714307
1,split_cifs_by_csv_label/test/As1F0.15Fe0.8La1Zn0.2O0.85-ICSD-180442-synth_doped.cif,180442.0,3DSC,test,As1F0.15Fe0.8La1Zn0.2O0.85,25.5,2008,25.5,9.775076,0.6166636897068397
1,split_cifs_by_csv_label/test/As1F0.15Fe0.95Ru0.05Sm1O0.85-ICSD-162157-synth_doped.cif,162157.0,3DSC,test,As1F0.15Fe0.95Ru0.05Sm1O0.85,41.0,2008,41.0,4.5412974,0.8892366479082805
1,split_cifs_by_csv_label/train/As1F0.15Fe1La0.7Y0.3O0.85-ICSD-167338-synth_doped.cif,167338.0,3DSC,test,As1F0.15Fe1La0.7Y0.3O0.85,36.2,2008,36.2,8.275299,0.7714005781142093
1,split_cifs_by_csv_label/train/As1F0.15Fe1Sm1O0.85-ICSD-162157-synth_doped.cif,162157.0,3DSC,test,As1F0.15Fe1Sm1O0.85,44.48888889,2008,44.48888889,3.299181,0.9258425852654044
1,split_cifs_by_csv_label/train/As1F0.16Fe1Nd1O0.84-ICSD-163548-synth_doped.cif,163548.0,3DSC,test,As1F0.16Fe1Nd1O0.84,46.0,2008,46.0,3.5825,0.9221195656320323
1,split_cifs_by_csv_label/train/As1F0.175Fe1Nd1O0.825-ICSD-163548-synth_doped.cif,163548.0,3DSC,test,As1F0.175Fe1Nd1O0.825,53.0,2008,53.0,3.5825,0.9324056607372356
1,split_cifs_by_csv_label/train/As1F0.17Fe1Gd1O0.83-ICSD-425010-synth_doped.cif,425010.0,3DSC,test,As1F0.17Fe1Gd1O0.83,22.0,2008,22.0,2.139043,0.902770768512379
1,split_cifs_by_csv_label/train/As1F0.18Fe1Nd1O0.82-ICSD-163548-synth_doped.cif,163548.0,3DSC,test,As1F0.18Fe1Nd1O0.82,49.66666667,2008,49.66666667,3.585102,0.9278167366229888
1,split_cifs_by_csv_label/train/As1F0.18Fe1Sm1O0.82-ICSD-162157-synth_doped.cif,162157.0,3DSC,test,As1F0.18Fe1Sm1O0.82,45.0,2008,45.0,3.3042026,0.9265732765197754
1,split_cifs_by_csv_label/train/As1F0.1Fe0.85La1Zn0.15O0.9-ICSD-180442-synth_doped.cif,180442.0,3DSC,test,As1F0.1Fe0.85La1Zn0.15O0.9,19.9,2008,19.9,9.781397,0.508472519304285
1,split_cifs_by_csv_label/test/As1F0.1Fe0.95La1Zn0.05O0.9-ICSD-180442-synth_doped.cif,180442.0,3DSC,test,As1F0.1Fe0.95La1Zn0.05O0.9,25.4,2008,25.4,9.019581,0.6448983920840766
1,split_cifs_by_csv_label/test/As1F0.1Fe0.98La1Zn0.02O0.9-ICSD-180442-synth_doped.cif,180442.0,3DSC,test,As1F0.1Fe0.98La1Zn0.02O0.9,25.5,2008,25.5,8.799843,0.6549081241383272
1,split_cifs_by_csv_label/train/As1F0.1Fe1La0.5Y0.5O0.9-ICSD-167339-synth_doped.cif,167339.0,3DSC,test,As1F0.1Fe1La0.5Y0.5O0.9,31.4,2008,31.4,4.718206,0.8497386646878188
1,split_cifs_by_csv_label/train/As1F0.1Fe1La0.7Y0.3O0.9-ICSD-167338-synth_doped.cif,167338.0,3DSC,test,As1F0.1Fe1La0.7Y0.3O0.9,34.8,2008,34.8,8.349012,0.7600858512966112
1,split_cifs_by_csv_label/train/As1F0.1Fe1La0.8Y0.2O0.9-ICSD-167337-synth_doped.cif,167337.0,3DSC,test,As1F0.1Fe1La0.8Y0.2O0.9,32.0,2008,32.0,7.91888,0.7525350004434586
1,split_cifs_by_csv_label/train/As1F0.1Fe1Nd1O0.9-ICSD-163548-synth_doped.cif,163548.0,3DSC,test,As1F0.1Fe1Nd1O0.9,50.525,2008,50.525,3.5691462,0.9293588093753382
1,split_cifs_by_csv_label/test/As1F0.1Fe1Pr1O0.9-ICSD-162831-synth_doped.cif,162831.0,3DSC,test,As1F0.1Fe1Pr1O0.9,43.5,2008,43.5,3.5840335,0.9176084255350048
1,split_cifs_by_csv_label/train/As1F0.225Fe1Pr1O0.775-ICSD-162831-synth_doped.cif,162831.0,3DSC,test,As1F0.225Fe1Pr1O0.775,50.0,2008,50.0,3.6050105,0.9278997898101806
1,split_cifs_by_csv_label/train/As1F0.25Fe1Sm1O0.7-ICSD-162157-synth_doped.cif,162157.0,3DSC,test,As1F0.25Fe1Sm1O0.7,49.6,2008,49.6,4.658712,0.9060743566482298
1,split_cifs_by_csv_label/test/As1F0.28Fe0.905La1Zn0.095O0.68-ICSD-163837-synth_doped.cif,163837.0,3DSC,test,As1F0.28Fe0.905La1Zn0.095O0.68,3.5,2008,3.5,8.726835,1.4933815002441406
1,split_cifs_by_csv_label/train/As1F0.28Fe0.951La1Zn0.049O0.68-ICSD-163837-synth_doped.cif,163837.0,3DSC,test,As1F0.28Fe0.951La1Zn0.049O0.68,1.0,2008,1.0,8.647055,7.647054672241211
1,split_cifs_by_csv_label/train/As1F0.28Fe0.982La1Zn0.018O0.68-ICSD-163837-synth_doped.cif,163837.0,3DSC,test,As1F0.28Fe0.982La1Zn0.018O0.68,19.6,2008,19.6,8.648689,0.5587403433663505
1,split_cifs_by_csv_label/train/As1F0.28Fe1La1O0.68-ICSD-163837-synth_doped.cif,163837.0,3DSC,test,As1F0.28Fe1La1O0.68,33.5,2008,33.5,8.02709,0.7603853709662138
1,split_cifs_by_csv_label/train/As1F0.2Fe0.95Sm1Zn0.05O0.8-ICSD-162157-synth_doped.cif,162157.0,3DSC,test,As1F0.2Fe0.95Sm1Zn0.05O0.8,23.3,2008,23.3,4.601645,0.8025045067455636
1,split_cifs_by_csv_label/train/As1F0.2Fe0.9Sm1Zn0.1O0.8-ICSD-162157-synth_doped.cif,162157.0,3DSC,test,As1F0.2Fe0.9Sm1Zn0.1O0.8,18.2,2008,18.2,4.597711,0.7473785117432311
1,split_cifs_by_csv_label/test/As1F0.2Fe1Gd1O0.8-ICSD-425010-synth_doped.cif,425010.0,3DSC,test,As1F0.2Fe1Gd1O0.8,48.35,2008,48.35,3.5100439,0.9274034362051332
1,split_cifs_by_csv_label/train/As1F0.2Fe1Nd1O0.8-ICSD-163548.cif,163548.0,3DSC,test,As1F0.2Fe1Nd1O0.8,32.6,2008,32.6,3.5895467,0.8898912061211521
1,split_cifs_by_csv_label/train/As1F0.3Fe1Nd1O0.7-ICSD-163839-synth_doped.cif,163839.0,3DSC,test,As1F0.3Fe1Nd1O0.7,46.0,2008,46.0,4.9595838,0.8921829617541769
1,split_cifs_by_csv_label/train/As1Fe0.84Ir0.16Sm1O1-ICSD-261396-synth_doped.cif,261396.0,3DSC,test,As1Fe0.84Ir0.16Sm1O1,17.3,2008,17.3,6.2575254,0.638293326934638
1,split_cifs_by_csv_label/train/As1Fe0.85Ir0.15Sm1O1-ICSD-261396.cif,261396.0,3DSC,test,As1Fe0.85Ir0.15Sm1O1,16.0,2008,16.0,6.6147766,0.5865764617919922
1,split_cifs_by_csv_label/train/As1Fe0.875Ir0.125Sm1O1-ICSD-261396-synth_doped.cif,261396.0,3DSC,test,As1Fe0.875Ir0.125Sm1O1,16.5,2008,16.5,6.749111,0.590962959058357
1,split_cifs_by_csv_label/train/As1Fe0.89Ir0.11Sm1O1-ICSD-261396-synth_doped.cif,261396.0,3DSC,test,As1Fe0.89Ir0.11Sm1O1,18.3,2008,18.3,6.628491,0.6377873811565462
1,split_cifs_by_csv_label/train/As1Fe0.8Gd1Ir0.2O1-ICSD-425010-synth_doped.cif,425010.0,3DSC,test,As1Fe0.8Gd1Ir0.2O1,17.6,2008,17.6,4.6646156,0.7349650209600276
1,split_cifs_by_csv_label/train/As1Fe0.94Ir0.06Sm1O1-ICSD-163457-synth_doped.cif,163457.0,3DSC,test,As1Fe0.94Ir0.06Sm1O1,18.0,2008,18.0,6.77522,0.6235988934834799
1,split_cifs_by_csv_label/train/As1Fe0.975Na1Ni0.025-ICSD-163143-synth_doped.cif,163143.0,3DSC,test,As1Fe0.975Na1Ni0.025,15.4,2008,15.4,2.7685747,0.8202224211259321
1,split_cifs_by_csv_label/train/As1Fe1Gd0.8Th0.2O1-ICSD-425010-synth_doped.cif,425010.0,3DSC,test,As1Fe1Gd0.8Th0.2O1,56.5,2008,56.5,4.2895136,0.9240794055229796
1,split_cifs_by_csv_label/train/As1Fe1Gd1O0.7-ICSD-425010-synth_doped.cif,425010.0,3DSC,test,As1Fe1Gd1O0.7,53.6,2008,53.6,4.35298,0.9187876840135945
1,split_cifs_by_csv_label/train/As1Fe1Gd1O0.85-ICSD-425010-synth_doped.cif,425010.0,3DSC,test,As1Fe1Gd1O0.85,53.5,2008,53.5,4.5152583,0.9156026483696198
1,split_cifs_by_csv_label/train/As1Fe1La0.85Sr0.15O1-ICSD-163868-synth_doped.cif,163868.0,3DSC,test,As1Fe1La0.85Sr0.15O1,25.4,2008,25.4,8.7016325,0.6574160433191014
1,split_cifs_by_csv_label/train/As1Fe1La0.87Sr0.13O1-ICSD-163868-synth_doped.cif,163868.0,3DSC,test,As1Fe1La0.87Sr0.13O1,22.06666667,2008,22.06666667,8.868844,0.5980886390809111
1,split_cifs_by_csv_label/test/As1Fe1La0.89Sr0.11O1-ICSD-163868-synth_doped.cif,163868.0,3DSC,test,As1Fe1La0.89Sr0.11O1,25.5,2008,25.5,8.872596,0.652055067174575
1,split_cifs_by_csv_label/test/As1Fe1La0.8Sr0.2O1-ICSD-163868-synth_doped.cif,163868.0,3DSC,test,As1Fe1La0.8Sr0.2O1,24.9,2008,24.9,8.85603,0.6443361259368529
1,split_cifs_by_csv_label/train/As1Fe1La0.8Y0.2O0.7-ICSD-167337-synth_doped.cif,167337.0,3DSC,test,As1Fe1La0.8Y0.2O0.7,34.0,2008,34.0,7.0540214,0.7925287835738238
1,split_cifs_by_csv_label/train/As1Fe1La0.92Sr0.08O1-ICSD-163868-synth_doped.cif,163868.0,3DSC,test,As1Fe1La0.92Sr0.08O1,18.9,2008,18.9,8.908086,0.5286727077746517
1,split_cifs_by_csv_label/test/As1Fe1La0.96Sr0.04O1-ICSD-163868-synth_doped.cif,163868.0,3DSC,test,As1Fe1La0.96Sr0.04O1,3.65,2008,3.65,8.797433,1.410255588897287
1,split_cifs_by_csv_label/train/As1Fe1La0.9Sr0.1O1-ICSD-163868-synth_doped.cif,163868.0,3DSC,test,As1Fe1La0.9Sr0.1O1,24.6,2008,24.6,8.8733,0.6392967642807379
1,split_cifs_by_csv_label/train/As1Fe1Li0.8-ICSD-162056-synth_doped.cif,162056.0,3DSC,test,As1Fe1Li0.8,17.6,2008,17.6,3.2201073,0.8170393569902941
1,split_cifs_by_csv_label/test/As1Fe1Mg0.1Sr2V0.9O3-ICSD-248695-synth_doped.cif,248695.0,3DSC,test,As1Fe1Mg0.1Sr2V0.9O3,30.0,2008,30.0,2.3016,0.9232800006866456
1,split_cifs_by_csv_label/train/As1Fe1Na0.86-ICSD-165998-synth_doped.cif,165998.0,3DSC,test,As1Fe1Na0.86,26.0,2008,26.0,3.189698,0.8773193084276639
1,split_cifs_by_csv_label/train/As1Fe1Nd0.8Sr0.2O1-ICSD-162559-synth_doped.cif,162559.0,3DSC,test,As1Fe1Nd0.8Sr0.2O1,13.5,2008,13.5,5.5195484,0.5911445617675781
1,split_cifs_by_csv_label/train/As1Fe1Nd0.8Th0.2O1-ICSD-164679-synth_doped.cif,164679.0,3DSC,test,As1Fe1Nd0.8Th0.2O1,43.0,2008,43.0,6.7740355,0.8424642917721771
1,split_cifs_by_csv_label/train/As1Fe1Nd1O0.6-ICSD-162433-synth_doped.cif,162433.0,3DSC,test,As1Fe1Nd1O0.6,53.5,2008,53.5,6.3027396,0.8821917827998367
1,split_cifs_by_csv_label/train/As1Fe1Nd1O0.7-ICSD-162433-synth_doped.cif,162433.0,3DSC,test,As1Fe1Nd1O0.7,53.7,2008,53.7,6.3449664,0.8818442009014791
1,split_cifs_by_csv_label/train/As1Fe1Nd1O0.85-ICSD-164063.cif,164063.0,3DSC,test,As1Fe1Nd1O0.85,51.45,2008,51.45,6.185873,0.8797692316498307
1,split_cifs_by_csv_label/train/As1Fe1Nd1O0.9-ICSD-162430-synth_doped.cif,162430.0,3DSC,test,As1Fe1Nd1O0.9,46.9,2008,46.9,6.2933397,0.8658136518270985
1,split_cifs_by_csv_label/train/As1Fe1Pr0.75Sr0.25O1-ICSD-162830-synth_doped.cif,162830.0,3DSC,test,As1Fe1Pr0.75Sr0.25O1,16.25,2008,16.25,6.131256,0.6226919320913461
1,split_cifs_by_csv_label/test/As1Fe1Pr0.85Sr0.15O1-ICSD-162830-synth_doped.cif,162830.0,3DSC,test,As1Fe1Pr0.85Sr0.15O1,15.5,2008,15.5,6.208498,0.5994517418646044
1,split_cifs_by_csv_label/test/As1Fe1Pr0.8Sr0.2O1-ICSD-162830-synth_doped.cif,162830.0,3DSC,test,As1Fe1Pr0.8Sr0.2O1,14.6,2008,14.6,6.251257,0.5718317162500669
1,split_cifs_by_csv_label/test/As1Fe1Pr0.9Sr0.1O1-ICSD-162830-synth_doped.cif,162830.0,3DSC,test,As1Fe1Pr0.9Sr0.1O1,12.8,2008,12.8,6.2054186,0.515201672911644
1,split_cifs_by_csv_label/train/As1Fe1Pr1O0.7-ICSD-162832-synth_doped.cif,162832.0,3DSC,test,As1Fe1Pr1O0.7,46.25,2008,46.25,4.9782977,0.8923611305855416
1,split_cifs_by_csv_label/train/As1Fe1Pr1O0.85-ICSD-162832-synth_doped.cif,162832.0,3DSC,test,As1Fe1Pr1O0.85,48.2,2008,48.2,4.9673376,0.896943203146527
1,split_cifs_by_csv_label/train/As1Fe1Pr1O0.896-ICSD-162832-synth_doped.cif,162832.0,3DSC,test,As1Fe1Pr1O0.896,44.4,2008,44.4,4.9338627,0.8888769665279904
1,split_cifs_by_csv_label/test/As1Fe1Sm0.89Th0.11O1-ICSD-163457-synth_doped.cif,163457.0,3DSC,test,As1Fe1Sm0.89Th0.11O1,48.9,2008,48.9,6.250707,0.8721736779242205
1,split_cifs_by_csv_label/test/As1Fe1Sm0.8U0.2O1-ICSD-163457-synth_doped.cif,163457.0,3DSC,test,As1Fe1Sm0.8U0.2O1,46.0,2008,46.0,5.8969383,0.8718056886092477
1,split_cifs_by_csv_label/train/As1Fe1Sm0.9Th0.1O1-ICSD-163457-synth_doped.cif,163457.0,3DSC,test,As1Fe1Sm0.9Th0.1O1,51.4,2008,51.4,6.250707,0.8783909114882176
1,split_cifs_by_csv_label/train/As1Fe1Sm0.9U0.1O1-ICSD-163457-synth_doped.cif,163457.0,3DSC,test,As1Fe1Sm0.9U0.1O1,47.0,2008,47.0,5.610536,0.8806268915216974
1,split_cifs_by_csv_label/train/As1Fe1Sm1O0.67-ICSD-167246-synth_doped.cif,167246.0,3DSC,test,As1Fe1Sm1O0.67,55.0,2008,55.0,5.7898936,0.8947292067787864
1,split_cifs_by_csv_label/train/As1Fe1Sm1O0.7-ICSD-167246-synth_doped.cif,167246.0,3DSC,test,As1Fe1Sm1O0.7,52.1,2008,52.1,5.7905183,0.8888576145135509
1,split_cifs_by_csv_label/train/As1Fe1Sm1O0.8-ICSD-167246-synth_doped.cif,167246.0,3DSC,test,As1Fe1Sm1O0.8,40.1,2008,40.1,5.8138604,0.8550159497154026
1,split_cifs_by_csv_label/test/As1Fe1Sm1O0.85-ICSD-163457-synth_doped.cif,163457.0,3DSC,test,As1Fe1Sm1O0.85,53.23333333,2008,53.23333333,5.8043213,0.890964534325123
1,split_cifs_by_csv_label/train/As2Ba0.1Fe2K0.9-ICSD-189036-synth_doped.cif,189036.0,3DSC,test,As2Ba0.1Fe2K0.9,6.93,2008,6.93,2.3832572,0.6560956492568507
1,split_cifs_by_csv_label/train/As2Ba0.1Fe2Na0.9-ICSD-192308-synth_doped.cif,192308.0,3DSC,test,As2Ba0.1Fe2Na0.9,18.4,2008,18.4,3.4251266,0.813851817794468
1,split_cifs_by_csv_label/train/As2Ba0.2Fe2K0.8-ICSD-165527-synth_doped.cif,165527.0,3DSC,test,As2Ba0.2Fe2K0.8,12.8,2008,12.8,2.2013009,0.8280233703553677
1,split_cifs_by_csv_label/train/As2Ba0.2Fe2Na0.8-ICSD-192308-synth_doped.cif,192308.0,3DSC,test,As2Ba0.2Fe2Na0.8,19.2,2008,19.2,3.6786718,0.8084025084972382
1,split_cifs_by_csv_label/train/As2Ba0.39Fe2K0.61-ICSD-165527-synth_doped.cif,165527.0,3DSC,test,As2Ba0.39Fe2K0.61,24.5,2008,24.5,1.8303188,0.9252931098548732
1,split_cifs_by_csv_label/train/As2Ba0.3Fe2K0.7-ICSD-165527-synth_doped.cif,165527.0,3DSC,test,As2Ba0.3Fe2K0.7,19.7,2008,19.7,2.0617669,0.8953417836106973
1,split_cifs_by_csv_label/train/As2Ba0.3Fe2Na0.7-ICSD-192308.cif,192308.0,3DSC,test,As2Ba0.3Fe2Na0.7,24.2,2008,24.2,3.5257404,0.8543082485514238
1,split_cifs_by_csv_label/train/As2Ba0.49Co0.21Fe1.79K0.51-ICSD-189035-synth_doped.cif,189035.0,3DSC,test,As2Ba0.49Co0.21Fe1.79K0.51,15.0,2008,15.0,1.9227834,0.8718144416809082
1,split_cifs_by_csv_label/test/As2Ba0.4Fe2K0.6-ICSD-165527-synth_doped.cif,165527.0,3DSC,test,As2Ba0.4Fe2K0.6,31.2,2008,31.2,1.830067,0.941344005175126
1,split_cifs_by_csv_label/train/As2Ba0.4Fe2Na0.6-ICSD-192307.cif,192307.0,3DSC,test,As2Ba0.4Fe2Na0.6,28.7,2008,28.7,3.7607353,0.8689639277574492
1,split_cifs_by_csv_label/train/As2Ba0.511Co0.228Fe1.772K0.489-ICSD-189035-synth_doped.cif,189035.0,3DSC,test,As2Ba0.511Co0.228Fe1.772K0.489,22.0,2008,22.0,2.1191375,0.9036755670200696
1,split_cifs_by_csv_label/train/As2Ba0.59Fe2K0.41-ICSD-162257-synth_doped.cif,162257.0,3DSC,test,As2Ba0.59Fe2K0.41,36.9,2008,36.9,2.7599852,0.9252036528858713
1,split_cifs_by_csv_label/train/As2Ba0.5Co0.1Fe1.9K0.5-ICSD-189035-synth_doped.cif,189035.0,3DSC,test,As2Ba0.5Co0.1Fe1.9K0.5,30.31,2008,30.31,1.9369432,0.9360955732956612
1,split_cifs_by_csv_label/train/As2Ba0.5Co0.2Fe1.8K0.5-ICSD-189035-synth_doped.cif,189035.0,3DSC,test,As2Ba0.5Co0.2Fe1.8K0.5,19.95,2008,19.95,2.1183097,0.8938190608395072
1,split_cifs_by_csv_label/train/As2Ba0.5Cu0.1Fe1.9K0.5-ICSD-189035-synth_doped.cif,189035.0,3DSC,test,As2Ba0.5Cu0.1Fe1.9K0.5,22.29,2008,22.29,2.078678,0.9067439258553192
1,split_cifs_by_csv_label/train/As2Ba0.5Cu0.2Fe1.8K0.5-ICSD-189035-synth_doped.cif,189035.0,3DSC,test,As2Ba0.5Cu0.2Fe1.8K0.5,11.83,2008,11.83,2.2113883,0.8130694548154623
1,split_cifs_by_csv_label/test/As2Ba0.5Fe1.84K0.5Zn0.16-ICSD-189035-synth_doped.cif,189035.0,3DSC,test,As2Ba0.5Fe1.84K0.5Zn0.16,34.2,2008,34.2,1.9230355,0.9437708917417024
1,split_cifs_by_csv_label/train/As2Ba0.5Fe1.88K0.5Zn0.12-ICSD-189035-synth_doped.cif,189035.0,3DSC,test,As2Ba0.5Fe1.88K0.5Zn0.12,33.5,2008,33.5,1.8686517,0.9442193508148192
1,split_cifs_by_csv_label/test/As2Ba0.5Fe1.8K0.5Ni0.2-ICSD-189035-synth_doped.cif,189035.0,3DSC,test,As2Ba0.5Fe1.8K0.5Ni0.2,11.1,2008,11.1,1.830955,0.8350490965284743
1,split_cifs_by_csv_label/train/As2Ba0.5Fe1.8K0.5Ru0.2-ICSD-189035-synth_doped.cif,189035.0,3DSC,test,As2Ba0.5Fe1.8K0.5Ru0.2,36.5,2008,36.5,2.811268,0.9229789564054306
1,split_cifs_by_csv_label/test/As2Ba0.5Fe1.92K0.5Mn0.08-ICSD-189035-synth_doped.cif,189035.0,3DSC,test,As2Ba0.5Fe1.92K0.5Mn0.08,15.0,2008,15.0,2.4389255,0.8374049663543701
1,split_cifs_by_csv_label/train/As2Ba0.5Fe1.92K0.5Zn0.08-ICSD-189035-synth_doped.cif,189035.0,3DSC,test,As2Ba0.5Fe1.92K0.5Zn0.08,34.3,2008,34.3,1.8872079,0.9449793625155968
1,split_cifs_by_csv_label/train/As2Ba0.5Fe1.96K0.5Mn0.04-ICSD-189035-synth_doped.cif,189035.0,3DSC,test,As2Ba0.5Fe1.96K0.5Mn0.04,25.85,2008,25.85,1.9197906,0.9257334380823132
1,split_cifs_by_csv_label/train/As2Ba0.5Fe1.9K0.5Mn0.1-ICSD-189035-synth_doped.cif,189035.0,3DSC,test,As2Ba0.5Fe1.9K0.5Mn0.1,9.53,2008,9.53,2.5098293,0.7366391098887072
1,split_cifs_by_csv_label/train/As2Ba0.5Fe1.9K0.5Ni0.1-ICSD-189035-synth_doped.cif,189035.0,3DSC,test,As2Ba0.5Fe1.9K0.5Ni0.1,26.75,2008,26.75,1.8895228,0.9293636339847172
1,split_cifs_by_csv_label/test/As2Ba0.5Fe1.9K0.5Ru0.1-ICSD-189035-synth_doped.cif,189035.0,3DSC,test,As2Ba0.5Fe1.9K0.5Ru0.1,37.14,2008,37.14,2.9012043,0.9218846433061262
1,split_cifs_by_csv_label/test/As2Ba0.5Fe1.9K0.5Zn0.1-ICSD-189035-synth_doped.cif,189035.0,3DSC,test,As2Ba0.5Fe1.9K0.5Zn0.1,30.15,2008,30.15,1.8746892,0.9378212530221512
1,split_cifs_by_csv_label/test/As2Ba0.5Fe2K0.5-ICSD-189035.cif,189035.0,3DSC,test,As2Ba0.5Fe2K0.5,35.28,2008,35.28,2.4366496,0.9309339693614416
1,split_cifs_by_csv_label/train/As2Ba0.5Fe2Na0.5-ICSD-192306.cif,192306.0,3DSC,test,As2Ba0.5Fe2Na0.5,32.8,2008,32.8,3.7522788,0.8856012559518581
1,split_cifs_by_csv_label/train/As2Ba0.63Fe2K0.37-ICSD-162258-synth_doped.cif,162258.0,3DSC,test,As2Ba0.63Fe2K0.37,39.0,2008,39.0,2.5355623,0.9349855826451228
1,split_cifs_by_csv_label/test/As2Ba0.64Fe2K0.34-ICSD-162258-synth_doped.cif,162258.0,3DSC,test,As2Ba0.64Fe2K0.34,39.0,2008,39.0,2.7065842,0.93060040473938
1,split_cifs_by_csv_label/train/As2Ba0.64Fe2K0.36-ICSD-162258-synth_doped.cif,162258.0,3DSC,test,As2Ba0.64Fe2K0.36,25.6,2008,25.6,2.705054,0.8943338263779879
1,split_cifs_by_csv_label/train/As2Ba0.64Fe2Na0.36-ICSD-192305-synth_doped.cif,192305.0,3DSC,test,As2Ba0.64Fe2Na0.36,31.0,2008,31.0,3.703124,0.8805443856023973
1,split_cifs_by_csv_label/train/As2Ba0.65Fe2K0.35-ICSD-162258-synth_doped.cif,162258.0,3DSC,test,As2Ba0.65Fe2K0.35,38.0,2008,38.0,2.7086232,0.9287204428722984
1,split_cifs_by_csv_label/train/As2Ba0.65Fe2Na0.35-ICSD-192300-synth_doped.cif,192300.0,3DSC,test,As2Ba0.65Fe2Na0.35,31.25,2008,31.25,3.7049289,0.8814422760009766
1,split_cifs_by_csv_label/train/As2Ba0.663Fe2K0.337-ICSD-189034-synth_doped.cif,189034.0,3DSC,test,As2Ba0.663Fe2K0.337,38.0,2008,38.0,2.8988454,0.9237145938371356
1,split_cifs_by_csv_label/test/As2Ba0.677Fe2K0.323-ICSD-189034-synth_doped.cif,189034.0,3DSC,test,As2Ba0.677Fe2K0.323,37.0,2008,37.0,2.9043477,0.9215041173470988
1,split_cifs_by_csv_label/train/As2Ba0.68Co0.046Fe1.954K0.32-ICSD-189034-synth_doped.cif,189034.0,3DSC,test,As2Ba0.68Co0.046Fe1.954K0.32,35.0,2008,35.0,2.873675,0.9178949969155448
1,split_cifs_by_csv_label/train/As2Ba0.68Fe2K0.32-ICSD-189034-synth_doped.cif,189034.0,3DSC,test,As2Ba0.68Fe2K0.32,37.75,2008,37.75,2.9043477,0.9230636381945072
1,split_cifs_by_csv_label/train/As2Ba0.68Fe2Na0.32-ICSD-192300-synth_doped.cif,192300.0,3DSC,test,As2Ba0.68Fe2Na0.32,23.8,2008,23.8,3.5566287,0.8505618191566788
1,split_cifs_by_csv_label/train/As2Ba0.694Co0.174Fe1.826K0.306-ICSD-262853-synth_doped.cif,262853.0,3DSC,test,As2Ba0.694Co0.174Fe1.826K0.306,18.0,2008,18.0,2.9298975,0.837227914068434
1,split_cifs_by_csv_label/train/As2Ba0.698Fe2Na0.302-ICSD-192300-synth_doped.cif,192300.0,3DSC,test,As2Ba0.698Fe2Na0.302,18.0,2008,18.0,3.6412907,0.7977060741848416
1,split_cifs_by_csv_label/test/As2Ba0.6Fe2K0.4-ICSD-162257-synth_doped.cif,162257.0,3DSC,test,As2Ba0.6Fe2K0.4,35.66,2008,35.66,3.1755493,0.9109492633560704
1,split_cifs_by_csv_label/test/As2Ba0.6Fe2Na0.4-ICSD-192305.cif,192305.0,3DSC,test,As2Ba0.6Fe2Na0.4,33.85,2008,33.85,3.509128,0.8963329957542251
1,split_cifs_by_csv_label/train/As2Ba0.7Co0.28Fe1.72K0.3-ICSD-262853-synth_doped.cif,262853.0,3DSC,test,As2Ba0.7Co0.28Fe1.72K0.3,12.0,2008,12.0,1.953361,0.8372199138005575
1,split_cifs_by_csv_label/train/As2Ba0.805Co0.262Fe1.738K0.195-ICSD-262853-synth_doped.cif,262853.0,3DSC,test,As2Ba0.805Co0.262Fe1.738K0.195,14.0,2008,14.0,2.9226217,0.7912413052150181
1,split_cifs_by_csv_label/train/As2Co0.14Fe1.86Sr1-ICSD-182330-synth_doped.cif,182330.0,3DSC,test,As2Co0.14Fe1.86Sr1,7.2,2008,7.2,1.785945,0.7519520752959781
1,split_cifs_by_csv_label/train/As2Co0.174Fe1.826Sr1-ICSD-182330-synth_doped.cif,182330.0,3DSC,test,As2Co0.174Fe1.826Sr1,9.5,2008,9.5,1.9847068,0.7910834990049663
1,split_cifs_by_csv_label/test/As2Co0.184Fe1.816Sr1-ICSD-182330-synth_doped.cif,182330.0,3DSC,test,As2Co0.184Fe1.816Sr1,13.4,2008,13.4,1.9847068,0.8518875552647149
1,split_cifs_by_csv_label/test/As2Co0.208Fe1.792Sr1-ICSD-182330-synth_doped.cif,182330.0,3DSC,test,As2Co0.208Fe1.792Sr1,13.9,2008,13.9,1.6732742,0.8796205640696794
1,split_cifs_by_csv_label/train/As2Co0.234Fe1.766Sr1-ICSD-182330-synth_doped.cif,182330.0,3DSC,test,As2Co0.234Fe1.766Sr1,14.4,2008,14.4,1.6732742,0.8838004055950377
1,split_cifs_by_csv_label/test/As2Co0.248Fe1.752Sr1-ICSD-182330-synth_doped.cif,182330.0,3DSC,test,As2Co0.248Fe1.752Sr1,13.2,2008,13.2,1.6732742,0.8732368061036775
1,split_cifs_by_csv_label/train/As2Co0.24Fe1.76Sr1-ICSD-182330-synth_doped.cif,182330.0,3DSC,test,As2Co0.24Fe1.76Sr1,13.5,2008,13.5,1.6732742,0.8760537659680402
1,split_cifs_by_csv_label/train/As2Co0.25Fe1.75Sr1-ICSD-182330-synth_doped.cif,182330.0,3DSC,test,As2Co0.25Fe1.75Sr1,15.7,2008,15.7,1.6401552,0.8955315161662497
1,split_cifs_by_csv_label/train/As2Co0.268Fe1.732Sr1-ICSD-182330-synth_doped.cif,182330.0,3DSC,test,As2Co0.268Fe1.732Sr1,11.0,2008,11.0,1.6381255,0.8510794964703646
1,split_cifs_by_csv_label/train/As2Co0.2Fe1.8Sr1-ICSD-182330-synth_doped.cif,182330.0,3DSC,test,As2Co0.2Fe1.8Sr1,18.365,2008,18.365,1.6732742,0.9088878758817612
1,split_cifs_by_csv_label/train/As2Co0.3Fe1.7Sr1-ICSD-182330-synth_doped.cif,182330.0,3DSC,test,As2Co0.3Fe1.7Sr1,13.2,2008,13.2,1.6357449,0.8760799295974501
1,split_cifs_by_csv_label/train/As2Fe1.75Pt0.25Sr1-ICSD-182330-synth_doped.cif,182330.0,3DSC,test,As2Fe1.75Pt0.25Sr1,16.3,2008,16.3,2.842643,0.8256047225437282
1,split_cifs_by_csv_label/train/As2Fe1.75Rh0.25Sr1-ICSD-182330-synth_doped.cif,182330.0,3DSC,test,As2Fe1.75Rh0.25Sr1,21.9,2008,21.9,4.0505357,0.8150440329286062
1,split_cifs_by_csv_label/train/As2Fe1.7Pt0.3Sr1-ICSD-182330-synth_doped.cif,182330.0,3DSC,test,As2Fe1.7Pt0.3Sr1,12.6,2008,12.6,2.8944921,0.7702784008449978
1,split_cifs_by_csv_label/train/As2Fe1.82Ni0.18Sr1-ICSD-182330-synth_doped.cif,182330.0,3DSC,test,As2Fe1.82Ni0.18Sr1,9.6,2008,9.6,1.7790638,0.814680851995945
1,split_cifs_by_csv_label/train/As2Fe1.84Ni0.16Sr1-ICSD-182330-synth_doped.cif,182330.0,3DSC,test,As2Fe1.84Ni0.16Sr1,8.65,2008,8.65,1.7807504,0.7941329024430644
1,split_cifs_by_csv_label/train/As2Fe1.84Pt0.16Sr1-ICSD-182330-synth_doped.cif,182330.0,3DSC,test,As2Fe1.84Pt0.16Sr1,16.0,2008,16.0,2.7061007,0.8308687061071396
1,split_cifs_by_csv_label/test/As2Fe1.85Ni0.15Sr1-ICSD-182330-synth_doped.cif,182330.0,3DSC,test,As2Fe1.85Ni0.15Sr1,8.93,2008,8.93,1.7807504,0.8005878618289481
1,split_cifs_by_csv_label/train/As2Fe1.85Pd0.15Sr1-ICSD-182330-synth_doped.cif,182330.0,3DSC,test,As2Fe1.85Pd0.15Sr1,8.7,2008,8.7,2.3783386,0.7266277499582575
1,split_cifs_by_csv_label/train/As2Fe1.85Pt0.15Sr1-ICSD-182330-synth_doped.cif,182330.0,3DSC,test,As2Fe1.85Pt0.15Sr1,11.7,2008,11.7,2.6292706,0.7752760210607805
1,split_cifs_by_csv_label/test/As2Fe1.88Ni0.12Sr1-ICSD-182330-synth_doped.cif,182330.0,3DSC,test,As2Fe1.88Ni0.12Sr1,5.92,2008,5.92,1.7651416,0.7018341881197852
1,split_cifs_by_csv_label/train/As2Fe1.8Ni0.2Sr1-ICSD-182330-synth_doped.cif,182330.0,3DSC,test,As2Fe1.8Ni0.2Sr1,7.4,2008,7.4,1.9816569,0.7322085258123037
1,split_cifs_by_csv_label/train/As2Fe1.8Pt0.2Sr1-ICSD-182330-synth_doped.cif,182330.0,3DSC,test,As2Fe1.8Pt0.2Sr1,15.8,2008,15.8,2.9150083,0.8155058033858673
1,split_cifs_by_csv_label/test/As2Fe1.9Ni0.1Sr1-ICSD-182330-synth_doped.cif,182330.0,3DSC,test,As2Fe1.9Ni0.1Sr1,5.5,2008,5.5,1.7681597,0.6785164096138694
1,split_cifs_by_csv_label/train/As2Fe1.9Pt0.1Sr1-ICSD-182330-synth_doped.cif,182330.0,3DSC,test,As2Fe1.9Pt0.1Sr1,1.6,2008,1.6,2.5730746,0.6081716120243071
1,split_cifs_by_csv_label/train/As2Fe2K0.2Sr0.8-ICSD-182330-synth_doped.cif,182330.0,3DSC,test,As2Fe2K0.2Sr0.8,13.3,2008,13.3,2.5915797,0.8051443852876362
1,split_cifs_by_csv_label/train/As2Fe2Sr4V2O6-ICSD-248695.cif,248695.0,3DSC,test,As2Fe2Sr4V2O6,29.25,2008,29.25,5.172975,0.8231461516812316
1,split_cifs_by_csv_label/test/B2C1Ce0.05Ni2Y0.95-ICSD-83231-synth_doped.cif,83231.0,3DSC,test,B2C1Ce0.05Ni2Y0.95,13.8,1994,13.8,6.401884,0.536095356595689
1,split_cifs_by_csv_label/train/B2C1Co0.02Ni1.98Y1-ICSD-83231-synth_doped.cif,83231.0,3DSC,test,B2C1Co0.02Ni1.98Y1,14.3,1994,14.3,6.118594,0.572126281844986
1,split_cifs_by_csv_label/train/B2C1Co0.1Er1Ni1.9-ICSD-246432.cif,246432.0,3DSC,test,B2C1Co0.1Er1Ni1.9,3.1,1994,3.1,6.148961,0.9835358281289376
1,split_cifs_by_csv_label/train/B2C1Cu0.015Ni1.985Y1-ICSD-83231-synth_doped.cif,83231.0,3DSC,test,B2C1Cu0.015Ni1.985Y1,14.3,1994,14.3,6.6610756,0.5341905180390898
1,split_cifs_by_csv_label/train/B2C1Cu0.05Ni1.95Y1-ICSD-83231-synth_doped.cif,83231.0,3DSC,test,B2C1Cu0.05Ni1.95Y1,14.7,1994,14.7,6.7714787,0.5393551936765917
1,split_cifs_by_csv_label/train/B2C1Cu0.15Ni1.85Y1-ICSD-83231-synth_doped.cif,83231.0,3DSC,test,B2C1Cu0.15Ni1.85Y1,13.0,1994,13.0,6.3867464,0.5087118148803711
1,split_cifs_by_csv_label/train/B2C1Cu0.1Ni1.9Y1-ICSD-83231-synth_doped.cif,83231.0,3DSC,test,B2C1Cu0.1Ni1.9Y1,13.75,1994,13.75,6.770669,0.5075877102938565
1,split_cifs_by_csv_label/train/B2C1Dy0.75Ni2Tb0.25-ICSD-56596-synth_doped.cif,56596.0,3DSC,test,B2C1Dy0.75Ni2Tb0.25,3.24,1994,3.24,7.1529427,1.2076983510712045
1,split_cifs_by_csv_label/train/B2C1Dy0.7Lu0.3Ni2-ICSD-56596-synth_doped.cif,56596.0,3DSC,test,B2C1Dy0.7Lu0.3Ni2,2.0,1994,2.0,7.4684324,2.7342162132263184
1,split_cifs_by_csv_label/train/B2C1Dy0.85Ni2Tm0.15-ICSD-56596-synth_doped.cif,56596.0,3DSC,test,B2C1Dy0.85Ni2Tm0.15,2.3,1994,2.3,7.25898,2.1560781727666445
1,split_cifs_by_csv_label/train/B2C1Dy0.85Ni2Y0.15-ICSD-56596-synth_doped.cif,56596.0,3DSC,test,B2C1Dy0.85Ni2Y0.15,4.3,1994,4.3,7.6745315,0.7847747580949651
1,split_cifs_by_csv_label/train/B2C1Dy0.8Ni2Tm0.2-ICSD-56596-synth_doped.cif,56596.0,3DSC,test,B2C1Dy0.8Ni2Tm0.2,3.42,1994,3.42,7.2626057,1.123568908512941
1,split_cifs_by_csv_label/train/B2C1Dy0.9Lu0.1Ni2-ICSD-56596-synth_doped.cif,56596.0,3DSC,test,B2C1Dy0.9Lu0.1Ni2,2.485,1994,2.485,7.3601055,1.9618130843164456
1,split_cifs_by_csv_label/train/B2C1Dy0.9Ni2Tb0.1-ICSD-56596-synth_doped.cif,56596.0,3DSC,test,B2C1Dy0.9Ni2Tb0.1,4.7,1994,4.7,7.166403,0.524766556760098
1,split_cifs_by_csv_label/train/B2C1Dy0.9Ni2Tm0.1-ICSD-56596-synth_doped.cif,56596.0,3DSC,test,B2C1Dy0.9Ni2Tm0.1,4.55,1994,4.55,7.25898,0.5953801752446772
1,split_cifs_by_csv_label/train/B2C1Er0.75Ni2Tb0.25-ICSD-246433-synth_doped.cif,246433.0,3DSC,test,B2C1Er0.75Ni2Tb0.25,4.675,1994,4.675,7.40728,0.5844449129971592
1,split_cifs_by_csv_label/train/B2C1Er0.7Ni2Tb0.3-ICSD-246433-synth_doped.cif,246433.0,3DSC,test,B2C1Er0.7Ni2Tb0.3,2.0,1994,2.0,7.40728,2.70363998413086
1,split_cifs_by_csv_label/train/B2C1Fe0.02Ni1.98Y1-ICSD-83231-synth_doped.cif,83231.0,3DSC,test,B2C1Fe0.02Ni1.98Y1,13.4,1994,13.4,6.1191816,0.5433446542540593
1,split_cifs_by_csv_label/train/B2C1Gd0.05Ni2Y0.95-ICSD-83231-synth_doped.cif,83231.0,3DSC,test,B2C1Gd0.05Ni2Y0.95,13.5,1994,13.5,6.373887,0.5278602176242404
1,split_cifs_by_csv_label/train/B2C1Gd0.23Ni2Y0.77-ICSD-83231-synth_doped.cif,83231.0,3DSC,test,B2C1Gd0.23Ni2Y0.77,4.2,1994,4.2,8.385012,0.9964313507080076
1,split_cifs_by_csv_label/train/B2C1Gd0.25Ni2Y0.75-ICSD-83231-synth_doped.cif,83231.0,3DSC,test,B2C1Gd0.25Ni2Y0.75,4.52,1994,4.52,8.354477,0.8483356036971103
1,split_cifs_by_csv_label/train/B2C1Ho0.8La0.2Ni2-ICSD-79063-synth_doped.cif,79063.0,3DSC,test,B2C1Ho0.8La0.2Ni2,1.3,1994,1.3,6.495699,3.996691483717698
1,split_cifs_by_csv_label/train/B2C1Ho0.93La0.07Ni2-ICSD-79063-synth_doped.cif,79063.0,3DSC,test,B2C1Ho0.93La0.07Ni2,3.0,1994,3.0,6.578966,1.1929887135823567
1,split_cifs_by_csv_label/train/B2C1Ho0.9La0.1Ni2-ICSD-79063-synth_doped.cif,79063.0,3DSC,test,B2C1Ho0.9La0.1Ni2,2.25,1994,2.25,6.4789324,1.8795255025227864
1,split_cifs_by_csv_label/train/B2C1Lu0.08Ni2Y0.92-ICSD-83231-synth_doped.cif,83231.0,3DSC,test,B2C1Lu0.08Ni2Y0.92,15.2,1994,15.2,7.3848505,0.5141545722359105
1,split_cifs_by_csv_label/train/B2C1Lu0.1Ni2Y0.9-ICSD-83231-synth_doped.cif,83231.0,3DSC,test,B2C1Lu0.1Ni2Y0.9,15.56,1994,15.56,7.361821,0.526875245846942
1,split_cifs_by_csv_label/train/B2C1Mn0.02Ni1.98Y1-ICSD-83231-synth_doped.cif,83231.0,3DSC,test,B2C1Mn0.02Ni1.98Y1,15.48,1994,15.48,6.135392,0.6036568353342455
1,split_cifs_by_csv_label/train/B2C1Mn0.1Ni1.9Y1-ICSD-83231-synth_doped.cif,83231.0,3DSC,test,B2C1Mn0.1Ni1.9Y1,12.7,1994,12.7,6.080884,0.5211902378112312
1,split_cifs_by_csv_label/test/B2C1Ni1.8Pd0.2Y1-ICSD-83231-synth_doped.cif,83231.0,3DSC,test,B2C1Ni1.8Pd0.2Y1,14.0,1994,14.0,6.150604,0.560671159199306
1,split_cifs_by_csv_label/train/B2C1Ni1.98Ru0.02Y1-ICSD-83231-synth_doped.cif,83231.0,3DSC,test,B2C1Ni1.98Ru0.02Y1,12.8,1994,12.8,5.987233,0.5322474092245102
1,split_cifs_by_csv_label/train/B2C1Ni1.9Pt0.1Y1-ICSD-83231-synth_doped.cif,83231.0,3DSC,test,B2C1Ni1.9Pt0.1Y1,13.7,1994,13.7,6.84521,0.500349629534422
1,split_cifs_by_csv_label/test/B2C1Ni2Pr0.05Y0.95-ICSD-83231-synth_doped.cif,83231.0,3DSC,test,B2C1Ni2Pr0.05Y0.95,14.05,1994,14.05,6.398559,0.5445865413896555
1,split_cifs_by_csv_label/train/B2C1Ni2Tb0.05Y0.95-ICSD-89143-synth_doped.cif,89143.0,3DSC,test,B2C1Ni2Tb0.05Y0.95,14.42,1994,14.42,6.3559513,0.5592266775864008
1,split_cifs_by_csv_label/train/B2C1Ni2Tb0.35Y0.65-ICSD-89147-synth_doped.cif,89147.0,3DSC,test,B2C1Ni2Tb0.35Y0.65,4.6,1994,4.6,7.7802806,0.6913653456646465
1,split_cifs_by_csv_label/train/B2C1Ni2Tb0.4Y0.6-ICSD-89148-synth_doped.cif,89148.0,3DSC,test,B2C1Ni2Tb0.4Y0.6,2.346666667,1994,2.346666667,8.050218,2.430490466194108
1,split_cifs_by_csv_label/train/Ba0.19Bi1K0.81O3-ICSD-82336-synth_doped.cif,82336.0,3DSC,test,Ba0.19Bi1K0.81O3,8.4,1988,8.4,23.643736,1.8147304625738236
1,split_cifs_by_csv_label/train/Ba0.34Bi1K0.66O3-ICSD-40515-synth_doped.cif,40515.0,3DSC,test,Ba0.34Bi1K0.66O3,7.0,1988,7.0,18.569834,1.6528333936418806
1,split_cifs_by_csv_label/train/Ba0.35Bi1K0.65O3-ICSD-40515-synth_doped.cif,40515.0,3DSC,test,Ba0.35Bi1K0.65O3,1.88,1988,1.88,18.569834,8.877571146538918
1,split_cifs_by_csv_label/train/Ba0.37Bi1K0.63O2.952-ICSD-40515-synth_doped.cif,40515.0,3DSC,test,Ba0.37Bi1K0.63O2.952,8.71,1988,8.71,18.795736,1.1579490600305635
1,split_cifs_by_csv_label/train/Ba0.47Bi0.965K0.53Pr0.035O3-ICSD-40515-synth_doped.cif,40515.0,3DSC,test,Ba0.47Bi0.965K0.53Pr0.035O3,2.97,1988,2.97,34.606438,10.651999219900832
1,split_cifs_by_csv_label/train/Ba0.47Bi0.972K0.53Pr0.028O3-ICSD-40515-synth_doped.cif,40515.0,3DSC,test,Ba0.47Bi0.972K0.53Pr0.028O3,4.0,1988,4.0,34.606438,7.651609420776367
1,split_cifs_by_csv_label/train/Ba0.47Bi0.979K0.53Pr0.021O3-ICSD-40515-synth_doped.cif,40515.0,3DSC,test,Ba0.47Bi0.979K0.53Pr0.021O3,4.5,1988,4.5,34.730843,6.717965020073785
1,split_cifs_by_csv_label/train/Ba0.47Bi0.985K0.53Pr0.015O3-ICSD-40515-synth_doped.cif,40515.0,3DSC,test,Ba0.47Bi0.985K0.53Pr0.015O3,5.2,1988,5.2,34.730766,5.678993518535908
1,split_cifs_by_csv_label/train/Ba0.47Bi0.995K0.53Pr0.005O3-ICSD-40515-synth_doped.cif,40515.0,3DSC,test,Ba0.47Bi0.995K0.53Pr0.005O3,9.0,1988,9.0,33.632416,2.736935085720486
1,split_cifs_by_csv_label/train/Ba0.47Bi0.99K0.53Pr0.01O3-ICSD-40515-synth_doped.cif,40515.0,3DSC,test,Ba0.47Bi0.99K0.53Pr0.01O3,6.4,1988,6.4,33.671837,4.2612245082855225
1,split_cifs_by_csv_label/train/Ba0.4Bi1K0.6O3-ICSD-40515-synth_doped.cif,40515.0,3DSC,test,Ba0.4Bi1K0.6O3,7.2,1988,7.2,17.549395,1.437415917714437
1,split_cifs_by_csv_label/train/Ba0.6Bi0.7K0.4Pb0.3O3-ICSD-94020-synth_doped.cif,94020.0,3DSC,test,Ba0.6Bi0.7K0.4Pb0.3O3,11.3,1988,11.3,28.7809,1.546982216624032
1,split_cifs_by_csv_label/test/Ba0.6Bi0.8K0.4Pb0.2O3-ICSD-94020-synth_doped.cif,94020.0,3DSC,test,Ba0.6Bi0.8K0.4Pb0.2O3,14.7,1988,14.7,31.953468,1.173705328078497
1,split_cifs_by_csv_label/test/Ba2Ca1Cu2Hg1O6.22-ICSD-74139-synth_doped.cif,74139.0,3DSC,test,Ba2Ca1Cu2Hg1O6.22,127.0,1993,127.0,40.15357,0.6838301711195097
1,split_cifs_by_csv_label/test/Ba2Ca1Cu2Hg1O6.31-ICSD-74136-synth_doped.cif,74136.0,3DSC,test,Ba2Ca1Cu2Hg1O6.31,98.0,1993,98.0,40.854702,0.5831152857566366
1,split_cifs_by_csv_label/test/Ba2Ca2Cu3Hg0.8Pb0.2O8-ICSD-75732-synth_doped.cif,75732.0,3DSC,test,Ba2Ca2Cu3Hg0.8Pb0.2O8,132.0,1993,132.0,51.948532,0.6064505143599077
1,split_cifs_by_csv_label/test/Ba2Cu1Hg0.85Re0.15O4.49-ICSD-41641-synth_doped.cif,41641.0,3DSC,test,Ba2Cu1Hg0.85Re0.15O4.49,93.7,1993,93.7,44.409904,0.5260415743865479
1,split_cifs_by_csv_label/test/Ba2Cu1Hg0.8V0.2O4.3-ICSD-41641-synth_doped.cif,41641.0,3DSC,test,Ba2Cu1Hg0.8V0.2O4.3,93.0,1993,93.0,42.068714,0.5476482350339171
1,split_cifs_by_csv_label/test/Ba2Cu1Hg0.9Re0.1O4.35-ICSD-41641-synth_doped.cif,41641.0,3DSC,test,Ba2Cu1Hg0.9Re0.1O4.35,90.5,1993,90.5,43.31775,0.5213508395200276
1,split_cifs_by_csv_label/test/Ba2Cu1Hg0.9Re0.1O4.41-ICSD-41641-synth_doped.cif,41641.0,3DSC,test,Ba2Cu1Hg0.9Re0.1O4.41,94.5,1993,94.5,43.933723,0.5350928735480738
1,split_cifs_by_csv_label/test/Ba2Cu1Hg1O4.096-ICSD-41638-synth_doped.cif,41638.0,3DSC,test,Ba2Cu1Hg1O4.096,95.6,1993,95.6,45.11179,0.5281193545672683
1,split_cifs_by_csv_label/test/Ba2Cu1Hg1O4.097-ICSD-41638-synth_doped.cif,41638.0,3DSC,test,Ba2Cu1Hg1O4.097,95.3,1993,95.3,45.11179,0.5266338960821706
1,split_cifs_by_csv_label/test/Ba2Cu1Hg1O4.15-ICSD-291054.cif,291054.0,3DSC,test,Ba2Cu1Hg1O4.15,97.0,1993,97.0,44.725994,0.5389072772153874
1,split_cifs_by_csv_label/test/Fe0.98Se0.3Te0.7Zn0.02-ICSD-165952-synth_doped.cif,165952.0,3DSC,test,Fe0.98Se0.3Te0.7Zn0.02,12.0,2008,12.0,2.7586968,0.7701086004575094
1,split_cifs_by_csv_label/test/Fe0.99Ni0.01Se0.3Te0.7-ICSD-165952-synth_doped.cif,165952.0,3DSC,test,Fe0.99Ni0.01Se0.3Te0.7,9.5,2008,9.5,1.9929075,0.7902202606201172
1,split_cifs_by_csv_label/test/Fe0.99Se0.3Te0.7Zn0.01-ICSD-165952-synth_doped.cif,165952.0,3DSC,test,Fe0.99Se0.3Te0.7Zn0.01,13.0,2008,13.0,2.5229805,0.8059245806473953
1,split_cifs_by_csv_label/test/Fe1.02Se0.15Te0.85-ICSD-168767.cif,168767.0,3DSC,test,Fe1.02Se0.15Te0.85,12.7,2008,12.7,2.3915312,0.8116904544079397
1,split_cifs_by_csv_label/test/Fe1.02Se0.2Te0.8-ICSD-168773.cif,168773.0,3DSC,test,Fe1.02Se0.2Te0.8,13.6,2008,13.6,2.4089634,0.8228703351581798
1,split_cifs_by_csv_label/test/Fe1S0.12Te0.88-ICSD-180604-synth_doped.cif,180604.0,3DSC,test,Fe1S0.12Te0.88,6.8,2008,6.8,2.5858595,0.6197265386581421
1,split_cifs_by_csv_label/test/Fe1S0.1Te0.9-ICSD-180604.cif,180604.0,3DSC,test,Fe1S0.1Te0.9,10.0,2008,10.0,2.8953378,0.7104662179946899
1,split_cifs_by_csv_label/test/Fe1Se0.25Te0.75-ICSD-165952.cif,165952.0,3DSC,test,Fe1Se0.25Te0.75,13.225,2008,13.225,2.5939443,0.8038605435809476
1,split_cifs_by_csv_label/test/Fe1Se0.39Te0.61-ICSD-165946-synth_doped.cif,165946.0,3DSC,test,Fe1Se0.39Te0.61,14.0,2008,14.0,2.4508083,0.8249422652380807
